word	hsk_level	n_sentences
的	1	21803
我	1	21160
了	1	14692
你	1	11967
他	1	9629
是	1	7422
在	1	7251
她	1	4963
吗	1	4856
我们	1	4496
有	1	3274
很	1	2950
不	1	2472
去	1	2396
这	1	2362
什么	1	2282
说	1	2085
都	1	1990
这个	1	1891
做	1	1885
会	1	1879
和	1	1850
喜欢	1	1819
他们	1	1772
想	1	1651
给	1	1640
要	1	1591
人	1	1353
对	1	1348
上	1	1246
可以	1	1211
来	1	1193
吃	1	1126
也	1	1116
好	1	1083
时候	1	1076
能	1	1075
知道	1	1066
请	1	1045
里	1	979
个	1	964
工作	1	953
那	1	939
您	1	931
吧	1	909
现在	1	845
还	1	819
今天	1	806
到	1	804
不要	1	783
买	1	767
这里	1	765
看	1	752
谁	1	718
怎么	1	671
事	1	654
它	1	652
那个	1	641
觉得	1	589
问题	1	587
你们	1	584
明天	1	552
呢	1	540
非常	1	534
东西	1	524
朋友	1	519
住	1	511
哪里	1	508
昨天	1	504
时间	1	480
多	1	469
再	1	454
钱	1	441
正在	1	430
房间	1	425
一下	1	412
这些	1	411
写	1	397
学校	1	385
老师	1	362
孩子	1	359
叫	1	356
新	1	353
听	1	341
学习	1	341
书	1	322
只	1	321
大	1	313
一些	1	308
说话	1	305
学生	1	305
爱	1	303
狗	1	303
那里	1	294
后	1	289
一	1	285
太	1	279
下	1	274
问	1	264
火车	1	263
前	1	263
名字	1	258
认识	1	258
早上	1	256
妈妈	1	249
找	1	248
天气	1	245
小时	1	245
睡觉	1	239
车	1	236
点	1	230
猫	1	229
大家	1	228
多少	1	224
中国	1	224
电影	1	218
喝	1	212
这儿	1	212
下雨	1	210
高兴	1	209
爸爸	1	207
见	1	206
儿子	1	205
哪	1	203
医生	1	202
哪儿	1	200
看见	1	199
打电话	1	198
真	1	190
怎么样	1	189
上学	1	185
家	1	182
苹果	1	181
忙	1	180
漂亮	1	173
月	1	173
电脑	1	171
公司	1	171
睡	1	171
穿	1	163
晚上	1	163
衣服	1	163
小	1	161
年	1	160
电话	1	159
有些	1	155
读	1	154
玩	1	154
学	1	149
开车	1	147
水	1	146
谢谢	1	145
妹妹	1	137
冷	1	136
桌子	1	136
那些	1	134
起床	1	129
弟弟	1	128
飞机	1	124
哥哥	1	124
去年	1	124
那儿	1	121
先生	1	120
休息	1	119
开	1	116
电视	1	111
请问	1	111
坐	1	111
女儿	1	110
热	1	108
下午	1	105
中文	1	104
读书	1	102
早	1	101
茶	1	100
医院	1	100
牛奶	1	97
些	1	94
卖	1	89
对不起	1	87
椅子	1	87
大学	1	86
哪个	1	86
雨	1	82
晚	1	81
面包	1	80
她们	1	80
午饭	1	80
生病	1	79
字	1	79
晚饭	1	77
女朋友	1	76
手机	1	76
好吃	1	73
病	1	72
岁	1	71
姐姐	1	70
今年	1	70
上班	1	70
它们	1	67
水果	1	66
天	1	66
星期天	1	66
你好	1	65
鸡蛋	1	64
便宜	1	64
唱	1	62
商店	1	62
汉语	1	61
日	1	61
三	1	61
菜	1	57
雪	1	56
们	1	55
那边	1	54
星期	1	54
早饭	1	54
号	1	53
出租车	1	51
回	1	50
件	1	50
明年	1	50
男朋友	1	49
本	1	48
家人	1	48
听见	1	48
好看	1	47
同学	1	47
分钟	1	45
课	1	44
上课	1	43
少	1	42
再见	1	40
中午	1	40
喂	1	39
做饭	1	39
超市	1	37
店	1	37
电影院	1	35
汉字	1	34
没关系	1	33
二	1	32
上午	1	32
贵	1	31
一点儿	1	31
女士	1	30
书店	1	30
边	1	29
杯子	1	28
两	1	28
星期日	1	28
没事	1	26
米饭	1	26
四	1	26
饭	1	25
饭店	1	25
有的	1	24
半	1	23
五	1	23
分	1	22
歌	1	22
一半	1	20
白天	1	19
大学生	1	19
下班	1	19
好听	1	18
八	1	17
六	1	16
块	1	15
哪些	1	15
十	1	15
中学	1	15
七	1	14
小学	1	14
这边	1	14
女	1	13
小朋友	1	11
九	1	10
第	1	8
几	1	8
外	1	8
下课	1	8
元	1	8
国	1	7
饺子	1	6
口	1	6
不客气	1	5
看病	1	5
零	1	5
小学生	1	5
男	1	4
外边	1	4
包子	1	3
千	1	2
中学生	1	2
好玩儿	1	1
百	1	0
没（有）	1	0
面条儿	1	0
有（一）点儿	1	0
就	2	1921
让	2	1057
得	2	910
自己	2	868
已经	2	866
跟	2	757
从	2	695
告诉	2	663
过	2	657
为什么	2	627
开始	2	606
比	2	603
但	2	551
地	2	523
着	2	486
走	2	473
可能	2	463
还是	2	453
最	2	438
因为	2	437
啊	2	416
一起	2	406
帮	2	396
希望	2	384
等	2	381
这么	2	378
那么	2	359
时	2	342
所以	2	304
这样	2	300
别	2	293
回来	2	293
但是	2	280
事情	2	251
起来	2	245
打	2	236
游泳	2	233
咖啡	2	198
快	2	186
高	2	183
跑	2	182
经常	2	181
拿	2	179
出去	2	156
记得	2	151
那样	2	150
虽然	2	149
出来	2	144
考试	2	144
错	2	141
忘	2	136
准备	2	136
花	2	133
意思	2	129
过去	2	128
懂	2	126
眼睛	2	118
打开	2	117
快乐	2	116
笑	2	114
完	2	112
车站	2	111
下来	2	108
站	2	108
妻子	2	107
教	2	106
帮忙	2	101
画	2	99
送	2	99
颜色	2	97
红色	2	96
不错	2	94
里面	2	94
运动	2	91
手	2	90
正	2	87
路	2	86
出	2	85
每	2	85
出门	2	84
离	2	84
门	2	84
鱼	2	83
走路	2	80
过来	2	79
手表	2	78
一会儿	2	76
不好意思	2	74
累	2	74
身体	2	74
条	2	72
生日	2	71
机场	2	69
进	2	69
外面	2	67
旁边	2	64
洗	2	64
肉	2	63
间	2	61
路上	2	61
丈夫	2	61
跳舞	2	60
白色	2	58
长	2	58
进来	2	58
公交车	2	53
绿色	2	53
有意思	2	53
远	2	53
往	2	49
教室	2	48
介绍	2	47
票	2	47
前面	2	47
出国	2	46
词	2	46
旅游	2	46
足球	2	46
酒店	2	42
头	2	42
坏	2	41
鸟	2	41
黑色	2	40
后面	2	40
舒服	2	40
快要	2	39
外国	2	39
地铁	2	38
回去	2	37
跑步	2	37
上面	2	37
笔	2	35
药	2	35
包	2	34
飞	2	33
进去	2	31
高中	2	30
位	2	30
下面	2	30
小时候	2	30
下去	2	30
爷爷	2	29
床	2	28
球	2	28
爱好	2	26
奶奶	2	26
裤子	2	25
洗手间	2	25
面	2	23
疼	2	23
近	2	22
班	2	21
门口	2	19
踢	2	19
名	2	18
游	2	18
慢	2	17
饭馆	2	16
男孩儿	2	15
网上	2	15
左边	2	15
考	2	14
姓	2	14
右边	2	14
从小	2	12
红茶	2	12
楼	2	12
门票	2	12
姓名	2	12
开学	2	11
篮球	2	11
上去	2	11
绿茶	2	10
商场	2	10
小孩儿	2	10
个子	2	9
上网	2	9
右	2	9
动	2	8
过年	2	7
机票	2	7
没意思	2	7
书包	2	7
次	2	6
上来	2	5
左	2	5
奶茶	2	4
晴	2	4
打车	2	3
女孩儿	2	3
题	2	3
万	2	3
周	2	3
药店	2	2
阴	2	2
本子	2	1
有时（候）	2	0
把	3	2016
被	3	993
应该	3	773
需要	3	713
用	3	646
如果	3	640
为	3	597
中	3	567
必须	3	491
的话	3	455
认为	3	448
发生	3	373
总是	3	372
更	3	353
又	3	334
该	3	332
一样	3	317
像	3	315
房子	3	313
一直	3	291
相信	3	288
地方	3	279
生活	3	277
重要	3	263
离开	3	258
才	3	253
世界	3	250
向	3	249
最好	3	247
一定	3	246
语言	3	241
决定	3	234
以前	3	231
帮助	3	229
国家	3	219
感到	3	209
为了	3	207
只是	3	207
男人	3	204
容易	3	191
城市	3	189
发现	3	189
完成	3	184
讲	3	183
结婚	3	183
最近	3	179
别人	3	176
只有	3	176
带	3	171
几乎	3	164
努力	3	163
音乐	3	158
年轻	3	157
打算	3	154
最后	3	154
参加	3	153
明白	3	151
女人	3	150
担心	3	149
好像	3	149
回答	3	145
迟到	3	144
自行车	3	138
可	3	137
附近	3	136
健康	3	134
哭	3	134
得到	3	133
马上	3	133
以为	3	133
比赛	3	131
故事	3	130
会议	3	130
公园	3	129
生气	3	128
同意	3	127
照片	3	125
开心	3	122
了解	3	122
小心	3	122
常常	3	121
图书馆	3	121
忘记	3	120
习惯	3	118
声音	3	116
动物	3	113
突然	3	113
注意	3	113
结束	3	112
不同	3	109
蛋糕	3	108
愿意	3	107
比较	3	106
丢	3	106
聪明	3	104
害怕	3	104
奇怪	3	104
夏天	3	102
关于	3	101
解决	3	99
句子	3	98
要求	3	98
其他	3	97
特别	3	96
简单	3	95
银行	3	95
终于	3	95
办法	3	93
来自	3	93
听说	3	93
头发	3	93
先	3	93
出生	3	92
或	3	92
不用	3	91
机会	3	91
出发	3	90
礼物	3	90
汽车	3	90
照顾	3	89
周末	3	89
除了	3	88
借	3	87
方法	3	85
其实	3	85
信	3	85
办公室	3	84
遇到	3	84
字典	3	84
清楚	3	82
然后	3	82
收到	3	80
怎样	3	80
叔叔	3	79
以后	3	79
报纸	3	78
怕	3	78
只要	3	78
安静	3	77
安全	3	77
关系	3	77
欢迎	3	76
铅笔	3	76
选择	3	75
饿	3	74
冬天	3	73
看来	3	73
数学	3	73
作业	3	73
历史	3	72
啤酒	3	71
老人	3	70
干净	3	69
见面	3	68
可爱	3	68
老	3	68
太阳	3	68
放	3	66
挺	3	66
只能	3	66
当然	3	65
感冒	3	65
满意	3	64
裙子	3	64
而且	3	63
刚刚	3	62
脸	3	61
受到	3	61
别的	3	60
刚	3	60
箱子	3	60
可是	3	59
难	3	59
影响	3	59
变成	3	58
直到	3	58
种	3	58
大概	3	56
起	3	56
洗澡	3	55
旧	3	54
相机	3	54
春天	3	53
骑	3	53
文化	3	53
差不多	3	52
打扫	3	52
兴趣	3	52
感兴趣	3	51
一般	3	51
船	3	50
山	3	50
网球	3	50
换	3	48
有名	3	48
检查	3	47
有用	3	47
衬衫	3	46
方便	3	46
根据	3	46
邻居	3	46
伞	3	46
发展	3	45
护照	3	45
行李	3	45
游戏	3	45
练习	3	44
跳	3	44
搬	3	43
香蕉	3	43
遇见	3	43
刚才	3	42
花园	3	42
爬	3	41
地图	3	40
糖	3	40
病人	3	39
风	3	39
面前	3	39
树	3	39
外语	3	39
行	3	39
选	3	39
一边	3	39
咱们	3	39
怎么办	3	39
环境	3	38
坚持	3	38
酒	3	38
马	3	38
干	3	37
河	3	37
黄色	3	37
认真	3	37
腿	3	37
有关	3	37
主要	3	37
总	3	37
差	3	36
动物园	3	36
女生	3	36
男生	3	35
鞋	3	35
纸	3	35
变	3	34
不行	3	34
脚	3	33
姐妹	3	33
盘子	3	32
秋天	3	32
越	3	32
冰箱	3	31
好多	3	31
或者	3	31
受	3	31
新鲜	3	31
不久	3	30
词典	3	30
耳朵	3	30
方向	3	30
经过	3	30
难过	3	30
沙发	3	30
饮料	3	30
成绩	3	29
灯	3	29
季节	3	29
身边	3	29
司机	3	29
西瓜	3	29
月亮	3	29
不见	3	28
接	3	28
客人	3	28
提高	3	28
张	3	28
变化	3	27
草	3	27
懂得	3	27
关心	3	27
加	3	27
米	3	27
起飞	3	27
新闻	3	27
笔记本	3	26
服务	3	26
胖	3	26
同事	3	26
网站	3	26
发烧	3	25
关	3	25
假期	3	25
信用卡	3	25
大衣	3	24
发	3	24
空调	3	24
养	3	24
阿姨	3	23
到处	3	23
公斤	3	23
久	3	23
马路	3	23
双	3	23
短	3	22
好久	3	22
急	3	22
屋子	3	22
心里	3	22
以外	3	22
照	3	22
常见	3	21
放假	3	21
开会	3	21
晚点	3	21
子	3	20
冰	3	19
锻炼	3	19
黑板	3	19
名单	3	19
拍照	3	19
平时	3	19
脏	3	19
电梯	3	18
合适	3	18
记	3	18
节目	3	18
经理	3	18
瓶子	3	18
游客	3	18
表演	3	17
街	3	17
蓝	3	17
辆	3	17
热情	3	17
甜	3	17
喜爱	3	17
邮件	3	17
运动员	3	17
嘴	3	17
办	3	16
电	3	16
后天	3	16
聊	3	16
瘦	3	16
收	3	16
洗衣机	3	16
放学	3	15
关注	3	15
后来	3	15
水平	3	15
以上	3	15
矮	3	14
搬家	3	14
笔记	3	14
留学	3	14
刷	3	14
体育	3	14
新年	3	14
休假	3	14
页	3	14
以下	3	14
尝	3	13
常	3	13
东方	3	13
卡	3	13
牛	3	13
上衣	3	13
试	3	13
碗	3	13
西	3	13
牙	3	13
班级	3	12
菜单	3	12
放心	3	12
海	3	12
节日	3	12
筷子	3	12
难看	3	12
前天	3	12
校园	3	12
中间	3	12
刮	3	11
号码	3	11
红绿灯	3	11
画家	3	11
大人	3	10
大小	3	10
对话	3	10
难题	3	10
身高	3	10
学期	3	10
羊	3	10
不但	3	9
查	3	9
分开	3	9
渴	3	9
课本	3	9
声	3	9
小区	3	9
一共	3	9
冰激凌	3	8
夫妻	3	8
名人	3	8
着急	3	8
段	3	7
开花	3	7
路边	3	7
路口	3	7
请客	3	7
校长	3	7
西方	3	7
牙刷	3	7
邮箱	3	7
住院	3	7
宾馆	3	6
草地	3	6
常用	3	6
地点	3	6
耳机	3	6
复习	3	6
鸡	3	6
角	3	6
毛	3	6
南方	3	6
勺子	3	6
市	3	6
晚会	3	6
卫生间	3	6
运动会	3	6
爱人	3	5
半天	3	5
工作日	3	5
极	3	5
句	3	5
留学生	3	5
楼梯	3	5
请假	3	5
体育馆	3	5
一块儿	3	5
员	3	5
羽毛球	3	5
北方	3	4
大熊猫	3	4
封	3	4
练	3	4
球场	3	4
认得	3	4
室	3	4
饱	3	3
比如	3	3
关机	3	3
刻	3	3
凉快	3	3
南	3	3
扫	3	3
四季	3	3
外卖	3	3
雨衣	3	3
照相	3	3
遍	3	2
出院	3	2
得分	3	2
东	3	2
过节	3	2
节	3	2
斤	3	2
课文	3	2
难听	3	2
年级	3	2
外地	3	2
银行卡	3	2
园	3	2
北	3	1
层	3	1
初中	3	1
电子书	3	1
高铁	3	1
后年	3	1
季	3	1
矿泉水	3	1
聊天儿	3	1
西北	3	1
西南	3	1
做客	3	1
东北	3	0
东南	3	0
短裤	3	0
方便面	3	0
检票	3	0
开机	3	0
前年	3	0
就是	4	460
将	4	416
父亲	4	371
所有	4	368
而	4	320
当	4	288
无法	4	287
任何	4	283
与	4	272
母亲	4	229
计划	4	220
成为	4	214
之前	4	212
成功	4	201
父母	4	199
完全	4	187
许多	4	187
永远	4	175
感觉	4	164
却	4	153
一切	4	153
建议	4	144
有趣	4	144
旅行	4	142
讨厌	4	134
待	4	132
危险	4	126
食物	4	123
错误	4	122
十分	4	119
要是	4	119
抱歉	4	117
想法	4	116
使用	4	115
消息	4	115
由	4	114
警察	4	111
意见	4	111
使	4	110
情况	4	108
失败	4	105
幸福	4	105
并	4	104
死	4	104
通过	4	104
赢	4	104
钥匙	4	103
早餐	4	103
麻烦	4	102
改变	4	101
接受	4	101
继续	4	101
之后	4	100
美丽	4	99
人生	4	99
肯定	4	98
之间	4	98
连	4	96
翻译	4	94
能够	4	93
解释	4	91
理解	4	91
帽子	4	91
内	4	91
散步	4	91
讨论	4	90
小说	4	89
厨房	4	88
地球	4	87
结果	4	87
失去	4	87
兄弟	4	87
是否	4	86
当时	4	85
生命	4	84
困难	4	82
提供	4	82
出现	4	81
从来	4	81
放弃	4	81
已	4	79
拒绝	4	78
原因	4	77
窗户	4	74
梦想	4	74
适合	4	74
整个	4	74
主意	4	74
考虑	4	73
正确	4	73
即使	4	72
不管	4	71
答案	4	69
弄	4	69
好好	4	68
阅读	4	67
掉	4	66
错过	4	65
方式	4	65
进行	4	65
甚至	4	65
味道	4	65
邀请	4	65
不够	4	64
也许	4	64
真正	4	64
反对	4	63
怀疑	4	63
停	4	63
到底	4	62
能力	4	62
样子	4	62
不过	4	61
无论	4	61
巧克力	4	60
全都	4	59
超过	4	58
地址	4	58
感谢	4	58
仍然	4	58
由于	4	58
受伤	4	57
不必	4	56
对于	4	56
功课	4	56
晚餐	4	56
心情	4	56
严重	4	54
餐厅	4	53
乘	4	53
加入	4	53
举行	4	53
值得	4	53
准时	4	53
赶上	4	52
年龄	4	52
失望	4	52
研究	4	52
爱情	4	51
不得不	4	51
道歉	4	51
留下	4	51
其中	4	51
谈	4	51
停止	4	51
诚实	4	50
进入	4	50
看法	4	50
允许	4	50
经济	4	49
紧张	4	49
聚会	4	49
目前	4	49
左右	4	49
教授	4	48
家庭	4	48
梦	4	48
首都	4	48
作家	4	48
大约	4	47
歌手	4	47
教育	4	47
偶尔	4	47
外套	4	47
任务	4	46
生	4	46
同样	4	46
原谅	4	46
多么	4	45
拉	4	45
旅馆	4	45
律师	4	45
目标	4	45
无聊	4	45
眼镜	4	45
杂志	4	45
责任	4	45
戴	4	44
答应	4	44
后悔	4	44
尽管	4	44
美	4	44
免费	4	44
午餐	4	44
盐	4	44
保护	4	43
火	4	43
价格	4	43
联系	4	43
最终	4	43
不如	4	42
法律	4	42
购物	4	42
骄傲	4	42
躺	4	42
至少	4	42
刀	4	41
方面	4	41
钢琴	4	41
挂	4	41
美好	4	41
目的	4	41
取得	4	41
约会	4	41
再次	4	41
之	4	41
倒	4	40
打扰	4	40
流利	4	40
耐心	4	40
修理	4	40
愉快	4	40
自然	4	40
既	4	39
空	4	39
拍	4	39
全部	4	39
区别	4	39
随便	4	39
夜晚	4	39
再说	4	39
祝	4	39
教师	4	38
说明	4	38
心	4	38
赢得	4	38
增加	4	38
支持	4	38
表示	4	37
厕所	4	37
获得	4	37
寄	4	37
取消	4	37
日子	4	37
用来	4	37
者	4	37
证明	4	37
之中	4	37
本来	4	36
工厂	4	36
活	4	36
社会	4	36
笑话	4	36
直接	4	36
保证	4	35
护士	4	35
经验	4	35
可惜	4	35
科学	4	35
女性	4	35
陪	4	35
确实	4	35
对方	4	34
开玩笑	4	34
信息	4	34
艺术	4	34
赚	4	34
做梦	4	34
果汁	4	33
气	4	33
桥	4	33
同时	4	33
压力	4	33
印象	4	33
尊重	4	33
作为	4	33
座位	4	33
毕业	4	32
度假	4	32
负责	4	32
各种	4	32
空气	4	32
厉害	4	32
葡萄酒	4	32
生意	4	32
提出	4	32
袜子	4	32
文章	4	32
星星	4	32
阳光	4	32
知识	4	32
按	4	31
表现	4	31
参观	4	31
复杂	4	31
够	4	31
寒冷	4	31
竟然	4	31
恐怕	4	31
汤	4	31
通知	4	31
往往	4	31
一生	4	31
周围	4	31
等到	4	30
低	4	30
感情	4	30
感受	4	30
鼓励	4	30
活动	4	30
家具	4	30
老虎	4	30
另	4	30
留	4	30
弹	4	30
无	4	30
约	4	30
正常	4	30
不仅	4	29
重新	4	29
调查	4	29
盒子	4	29
交通	4	29
距离	4	29
批评	4	29
市场	4	29
饼干	4	28
厨师	4	28
记者	4	28
扔	4	28
痛	4	28
文件	4	28
增长	4	28
猜	4	27
大量	4	27
轻松	4	27
受不了	4	27
输	4	27
原来	4	27
院子	4	27
植物	4	27
仔细	4	27
产生	4	26
故意	4	26
好处	4	26
经历	4	26
禁止	4	26
浪费	4	26
稍微	4	26
首先	4	26
严格	4	26
演员	4	26
优秀	4	26
转	4	26
著名	4	26
安排	4	25
抱	4	25
重	4	25
工资	4	25
流行	4	25
适应	4	25
顺利	4	25
态度	4	25
提前	4	25
提醒	4	25
修	4	25
部	4	24
部分	4	24
乘客	4	24
此	4	24
达到	4	24
袋子	4	24
发出	4	24
感动	4	24
回复	4	24
互相	4	24
将要	4	24
景色	4	24
落	4	24
暖和	4	24
缺点	4	24
伤心	4	24
收入	4	24
整理	4	24
标准	4	23
对面	4	23
放松	4	23
否则	4	23
更加	4	23
害羞	4	23
减少	4	23
教练	4	23
街道	4	23
毛衣	4	23
面对	4	23
内容	4	23
实在	4	23
兴奋	4	23
早晨	4	23
专业	4	23
作品	4	23
背	4	22
并且	4	22
道路	4	22
儿童	4	22
付	4	22
顾客	4	22
将来	4	22
垃圾	4	22
另外	4	22
全	4	22
森林	4	22
暑假	4	22
醒	4	22
辛苦	4	22
吸引	4	22
引起	4	22
到来	4	21
底下	4	21
敢	4	21
国际	4	21
客厅	4	21
礼貌	4	21
气候	4	21
仍	4	21
条件	4	21
性格	4	21
因此	4	21
只好	4	21
鼻子	4	20
道	4	20
价钱	4	20
课程	4	20
例子	4	20
满	4	20
球队	4	20
世纪	4	20
实际上	4	20
熟悉	4	20
速度	4	20
童年	4	20
图片	4	20
响	4	20
友好	4	20
有效	4	20
窗	4	19
各	4	19
观众	4	19
航班	4	19
交流	4	19
及时	4	19
烤	4	19
密码	4	19
强	4	19
全球	4	19
日期	4	19
申请	4	19
提	4	19
头痛	4	19
外出	4	19
相同	4	19
详细	4	19
叶子	4	19
友谊	4	19
语法	4	19
云	4	19
不断	4	18
不论	4	18
肚子	4	18
丰富	4	18
交	4	18
技术	4	18
男性	4	18
判断	4	18
气温	4	18
全身	4	18
师傅	4	18
说法	4	18
算	4	18
文字	4	18
相比	4	18
性别	4	18
暂时	4	18
自	4	18
吹	4	17
队	4	17
公里	4	17
估计	4	17
姑娘	4	17
既然	4	17
老是	4	17
难道	4	17
平常	4	17
人数	4	17
商品	4	17
数字	4	17
随着	4	17
脱	4	17
烟	4	17
勇敢	4	17
着火	4	17
正好	4	17
指	4	17
职业	4	17
按照	4	16
表格	4	16
材料	4	16
订	4	16
费用	4	16
基本	4	16
理想	4	16
毛巾	4	16
排队	4	16
皮肤	4	16
熟	4	16
数量	4	16
停车	4	16
味	4	16
相反	4	16
血	4	16
亚洲	4	16
租	4	16
作者	4	16
出差	4	15
工人	4	15
回信	4	15
基础	4	15
举办	4	15
快速	4	15
普通话	4	15
庆祝	4	15
食品	4	15
孙子	4	15
温度	4	15
污染	4	15
香	4	15
西红柿	4	15
指出	4	15
资料	4	15
打招呼	4	14
单位	4	14
队长	4	14
广告	4	14
规定	4	14
加班	4	14
镜子	4	14
咳嗽	4	14
懒	4	14
零钱	4	14
馒头	4	14
汽水	4	14
剩	4	14
填写	4	14
体重	4	14
现金	4	14
自信	4	14
作文	4	14
擦	4	13
吃惊	4	13
份	4	13
风景	4	13
改	4	13
各位	4	13
共同	4	13
购买	4	13
过程	4	13
海洋	4	13
家长	4	13
激动	4	13
精彩	4	13
辣	4	13
乱	4	13
牌子	4	13
破	4	13
体温	4	13
推迟	4	13
小伙子	4	13
演出	4	13
养成	4	13
眼前	4	13
座	4	13
作用	4	13
按时	4	12
棒	4	12
表	4	12
部门	4	12
出口	4	12
点头	4	12
烦恼	4	12
赶快	4	12
光	4	12
广播	4	12
关键	4	12
假	4	12
降低	4	12
积极	4	12
仅仅	4	12
课堂	4	12
浪漫	4	12
冷静	4	12
量	4	12
亮	4	12
面试	4	12
目的地	4	12
嗯	4	12
脾气	4	12
葡萄	4	12
普通	4	12
热闹	4	12
少年	4	12
视频	4	12
收拾	4	12
树林	4	12
顺便	4	12
有着	4	12
远离	4	12
正式	4	12
操场	4	11
迟	4	11
赶紧	4	11
管理	4	11
来不及	4	11
难受	4	11
签证	4	11
敲	4	11
人员	4	11
深	4	11
身份证	4	11
台	4	11
性	4	11
信号	4	11
熊	4	11
油	4	11
友情	4	11
质量	4	11
重点	4	11
重视	4	11
装	4	11
场	4	10
动作	4	10
分为	4	10
高温	4	10
喊	4	10
厚	4	10
回忆	4	10
会员	4	10
郊区	4	10
接着	4	10
仅	4	10
剧院	4	10
客气	4	10
苦	4	10
理发	4	10
零食	4	10
力气	4	10
排球	4	10
千万	4	10
然而	4	10
实际	4	10
推出	4	10
下降	4	10
鲜花	4	10
效果	4	10
于是	4	10
支付	4	10
爱心	4	9
存	4	9
打败	4	9
大自然	4	9
赶	4	9
好笑	4	9
加强	4	9
究竟	4	9
棵	4	9
内心	4	9
能否	4	9
农村	4	9
亲戚	4	9
取	4	9
入口	4	9
市区	4	9
酸奶	4	9
听众	4	9
推	4	9
晚安	4	9
误会	4	9
相互	4	9
羡慕	4	9
祝贺	4	9
笨	4	8
不满	4	8
乘坐	4	8
烦	4	8
房租	4	8
胳膊	4	8
各地	4	8
环保	4	8
健身房	4	8
家乡	4	8
竞争	4	8
口语	4	8
秒	4	8
轻	4	8
区	4	8
稍	4	8
特点	4	8
提到	4	8
闻	4	8
信心	4	8
专门	4	8
倍	4	7
出租	4	7
粗心	4	7
大厅	4	7
共	4	7
逛	4	7
合格	4	7
奖	4	7
奖学金	4	7
教学	4	7
加油	4	7
基本上	4	7
景点	4	7
举	4	7
科技	4	7
民族	4	7
普遍	4	7
省	4	7
十字路口	4	7
酸	4	7
吸	4	7
小组	4	7
牙膏	4	7
优点	4	7
月份	4	7
做法	4	7
白酒	4	6
报名	4	6
背包	4	6
城	4	6
导游	4	6
打印机	4	6
登机	4	6
定	4	6
低于	4	6
短信	4	6
分数	4	6
符合	4	6
功夫	4	6
公共	4	6
公路	4	6
管	4	6
货	4	6
降落	4	6
加上	4	6
来得及	4	6
例如	4	6
美食	4	6
片	4	6
篇	4	6
青年	4	6
缺	4	6
日常	4	6
少数	4	6
收费	4	6
数	4	6
塑料	4	6
抬头	4	6
桶	4	6
细	4	6
细心	4	6
用于	4	6
幽默	4	6
整	4	6
准确	4	6
播放	4	5
步	4	5
出行	4	5
词语	4	5
村	4	5
点名	4	5
堵车	4	5
感	4	5
感人	4	5
歌声	4	5
观看	4	5
汗	4	5
忽然	4	5
健身	4	5
零下	4	5
流	4	5
牌	4	5
其次	4	5
缺少	4	5
日记	4	5
入	4	5
入住	4	5
食堂	4	5
说明书	4	5
卫生	4	5
纸巾	4	5
办理	4	4
博士	4	4
打工	4	4
打折	4	4
得意	4	4
队员	4	4
房东	4	4
各个	4	4
寒假	4	4
换乘	4	4
减轻	4	4
今后	4	4
俩	4	4
美景	4	4
南部	4	4
男士	4	4
前方	4	4
前后	4	4
球迷	4	4
入学	4	4
商量	4	4
身	4	4
时间表	4	4
孙女	4	4
停车场	4	4
听力	4	4
通	4	4
图	4	4
线上	4	4
研究生	4	4
应聘	4	4
值	4	4
中餐	4	4
自学	4	4
总结	4	4
办事	4	3
便于	4	3
毕业生	4	3
参赛	4	3
茶叶	4	3
查找	4	3
从此	4	3
从中	4	3
粗	4	3
大巴	4	3
大夫	4	3
读者	4	3
费	4	3
复印	4	3
干杯	4	3
高速	4	3
高于	4	3
国籍	4	3
互联网	4	3
活泼	4	3
获取	4	3
奖金	4	3
加油站	4	3
节约	4	3
聚	4	3
克	4	3
困	4	3
列	4	3
年底	4	3
皮鞋	4	3
帅	4	3
顺序	4	3
趟	4	3
咸	4	3
现有	4	3
以内	4	3
尤其	4	3
月饼	4	3
不便	4	2
查看	4	2
此外	4	2
大大	4	2
底	4	2
电动车	4	2
电视剧	4	2
东部	4	2
多数	4	2
发送	4	2
幅	4	2
负责人	4	2
父子	4	2
坏处	4	2
加快	4	2
江	4	2
假日	4	2
举例	4	2
老家	4	2
路过	4	2
千克	4	2
期末	4	2
少量	4	2
抬	4	2
体检	4	2
土	4	2
鲜	4	2
小吃	4	2
学费	4	2
学院	4	2
压	4	2
演唱	4	2
夜	4	2
游玩	4	2
招聘	4	2
准	4	2
安检	4	1
办公	4	1
报考	4	1
北部	4	1
本科	4	1
表扬	4	1
不光	4	1
厂	4	1
车速	4	1
此次	4	1
答	4	1
打印	4	1
打针	4	1
低价	4	1
低温	4	1
顿	4	1
多样	4	1
高考	4	1
减	4	1
降价	4	1
交警	4	1
叫作	4	1
节假日	4	1
结账	4	1
积累	4	1
京剧	4	1
聚餐	4	1
咳	4	1
快餐	4	1
凉	4	1
旅客	4	1
难忘	4	1
排	4	1
乒乓球	4	1
期	4	1
巧	4	1
起到	4	1
琴	4	1
上门	4	1
少见	4	1
摄氏度	4	1
试题	4	1
首	4	1
收听	4	1
硕士	4	1
网购	4	1
网页	4	1
网友	4	1
项	4	1
证件	4	1
中年	4	1
转机	4	1
笔试	4	0
差（一）点儿	4	0
车位	4	0
大赛	4	0
动车	4	0
法	4	0
父女	4	0
干活儿	4	0
高价	4	0
红包	4	0
话剧	4	0
获奖	4	0
降	4	0
降温	4	0
景区	4	0
考生	4	0
快递	4	0
老年	4	0
零花钱	4	0
末	4	0
母女	4	0
母子	4	0
期中	4	0
扫码	4	0
使馆	4	0
师生	4	0
售票员	4	0
网址	4	0
线下	4	0
西部	4	0
演	4	0
院长	4	0
预习	4	0
暂停	4	0
证	4	0
转发	4	0
自习	4	0
组	4	0
以	5	165
如何	5	144
呀	5	136
所	5	130
通常	5	105
似乎	5	100
唯一	5	95
存在	5	94
事故	5	88
确定	5	87
必要	5	83
秘密	5	80
拥有	5	79
到达	5	78
人类	5	78
保持	5	76
曾经	5	76
行为	5	76
去世	5	69
抱怨	5	68
根本	5	67
擅长	5	65
承认	5	64
尝试	5	62
独自	5	60
天空	5	60
意外	5	60
足够	5	60
绝对	5	59
敌人	5	58
年纪	5	58
曾	5	56
微笑	5	56
立刻	5	55
便	5	54
老板	5	53
欧洲	5	53
期待	5	53
自由	5	53
从不	5	52
事实	5	52
蔬菜	5	52
处理	5	51
讲话	5	50
机器	5	50
未来	5	49
导致	5	47
哦	5	47
代表	5	46
进步	5	46
不然	5	45
持续	5	45
信任	5	45
政府	5	44
博物馆	5	43
等于	5	43
理由	5	43
伤害	5	43
相当	5	43
抓	5	43
总统	5	43
等待	5	42
发明	5	42
老婆	5	42
报告	5	41
充满	5	41
地震	5	41
痛苦	5	41
煮	5	41
个人	5	40
可怕	5	40
属于	5	40
明显	5	39
诗人	5	39
行动	5	39
糟糕	5	39
巨大	5	38
靠	5	38
迷路	5	38
人口	5	38
表达	5	37
黑	5	37
驾驶	5	37
控制	5	37
欠	5	37
谈话	5	37
规则	5	36
客服	5	36
其	5	36
伟大	5	36
消失	5	36
婚礼	5	35
理论	5	35
秘书	5	35
随时	5	35
退休	5	35
享受	5	35
幸运	5	35
演讲	5	35
政治	5	35
遵守	5	35
不幸	5	34
搞	5	34
红	5	34
据说	5	34
领带	5	34
确认	5	34
思考	5	34
玩具	5	34
想念	5	34
邮票	5	34
造成	5	34
真实	5	34
出席	5	33
非洲	5	33
救	5	33
石头	5	33
现代	5	33
遗憾	5	33
组织	5	33
辞职	5	32
精神	5	32
利用	5	32
如此	5	32
完美	5	32
位于	5	32
意义	5	32
打破	5	31
电池	5	31
或许	5	31
建筑	5	31
收集	5	31
项目	5	31
橙子	5	30
空间	5	30
离婚	5	30
诗	5	30
系统	5	30
寻找	5	30
阻止	5	30
彼此	5	29
藏	5	29
观点	5	29
尽快	5	29
橘子	5	29
列车	5	29
玫瑰	5	29
如	5	29
太太	5	29
他人	5	29
邮局	5	29
主人	5	29
安	5	28
疾病	5	28
力量	5	28
上升	5	28
实现	5	28
相处	5	28
小姐	5	28
赞成	5	28
避免	5	27
地区	5	27
富有	5	27
工程师	5	27
公寓	5	27
好奇	5	27
尽力	5	27
骗	5	27
烧	5	27
蛇	5	27
时代	5	27
温暖	5	27
想象	5	27
咬	5	27
员工	5	27
从前	5	26
怪	5	26
渐渐	5	26
土豆	5	26
运气	5	26
制造	5	26
专家	5	26
组成	5	26
成员	5	25
对待	5	25
独立	5	25
蝴蝶	5	25
呼吸	5	25
派	5	25
请求	5	25
事件	5	25
迅速	5	25
愿望	5	25
掌握	5	25
步行	5	24
改善	5	24
合作	5	24
减肥	5	24
尽量	5	24
居住	5	24
口袋	5	24
骂	5	24
美味	5	24
难以	5	24
缺乏	5	24
实验	5	24
事业	5	24
卧室	5	24
牙齿	5	24
智慧	5	24
熬夜	5	23
炒	5	23
猴子	5	23
及	5	23
靠近	5	23
碰	5	23
生产	5	23
舒适	5	23
替	5	23
团队	5	23
推荐	5	23
现实	5	23
欣赏	5	23
以来	5	23
程度	5	22
称为	5	22
创造	5	22
传统	5	22
代替	5	22
大象	5	22
过敏	5	22
酒吧	5	22
立即	5	22
事物	5	22
说服	5	22
思想	5	22
兔子	5	22
依然	5	22
在于	5	22
证据	5	22
至	5	22
中心	5	22
产品	5	21
成就	5	21
沉默	5	21
当成	5	21
躲	5	21
发音	5	21
付出	5	21
话题	5	21
恢复	5	21
记忆	5	21
满足	5	21
亲自	5	21
企业	5	21
土地	5	21
威胁	5	21
位置	5	21
西装	5	21
依靠	5	21
勇气	5	21
治疗	5	21
车祸	5	20
队伍	5	20
方案	5	20
否认	5	20
刚好	5	20
驾照	5	20
价值	5	20
类型	5	20
强烈	5	20
亲切	5	20
人民	5	20
人群	5	20
设计	5	20
随	5	20
网络	5	20
显然	5	20
一旦	5	20
预约	5	20
逐渐	5	20
自从	5	20
背后	5	19
吵	5	19
叉子	5	19
等候	5	19
反	5	19
分享	5	19
古老	5	19
令	5	19
木头	5	19
前进	5	19
期间	5	19
情绪	5	19
权利	5	19
生存	5	19
贴	5	19
文学	5	19
写作	5	19
宣布	5	19
选手	5	19
主题	5	19
尊敬	5	19
白	5	18
傍晚	5	18
洞	5	18
简直	5	18
集中	5	18
确保	5	18
胜利	5	18
手指	5	18
损失	5	18
天上	5	18
信封	5	18
训练	5	18
意味着	5	18
自动	5	18
包含	5	17
参与	5	17
虫子	5	17
出版	5	17
处于	5	17
从事	5	17
分手	5	17
沟通	5	17
花费	5	17
回收	5	17
建立	5	17
客户	5	17
昆虫	5	17
乐趣	5	17
品质	5	17
前往	5	17
似的	5	17
同	5	17
万一	5	17
物质	5	17
相似	5	17
移动	5	17
愿	5	17
展示	5	17
醉	5	17
彻底	5	16
重复	5	16
风险	5	16
工具	5	16
关闭	5	16
广场	5	16
好运	5	16
接近	5	16
计算机	5	16
具有	5	16
看望	5	16
忙碌	5	16
命运	5	16
墙	5	16
亲	5	16
勤奋	5	16
收获	5	16
手续	5	16
私人	5	16
随意	5	16
显示	5	16
细节	5	16
圆	5	16
猪	5	16
主席	5	16
称	5	15
抽	5	15
度	5	15
反应	5	15
疯狂	5	15
观察	5	15
建造	5	15
老公	5	15
命	5	15
男子	5	15
前来	5	15
软件	5	15
疼痛	5	15
提升	5	15
需求	5	15
应当	5	15
娱乐	5	15
制作	5	15
追	5	15
安慰	5	14
玻璃	5	14
差别	5	14
超级	5	14
充分	5	14
传	5	14
出色	5	14
达成	5	14
当作	5	14
担任	5	14
灯光	5	14
对手	5	14
房屋	5	14
改革	5	14
高度	5	14
湖	5	14
滑	5	14
惊喜	5	14
计算	5	14
宽	5	14
论文	5	14
毛病	5	14
凭	5	14
切	5	14
劝	5	14
区域	5	14
生物	5	14
深刻	5	14
睡眠	5	14
挑	5	14
无关	5	14
眼泪	5	14
占	5	14
执行	5	14
撞	5	14
自身	5	14
表面	5	13
表明	5	13
采取	5	13
程序	5	13
打断	5	13
当地	5	13
仿佛	5	13
防止	5	13
番茄	5	13
分别	5	13
改正	5	13
过于	5	13
合同	5	13
系	5	13
剪	5	13
剪刀	5	13
决心	5	13
居民	5	13
居然	5	13
可靠	5	13
乐观	5	13
领导	5	13
面积	5	13
念	5	13
牛仔裤	5	13
偶然	5	13
批准	5	13
前途	5	13
奇迹	5	13
轻易	5	13
如今	5	13
时期	5	13
视为	5	13
实行	5	13
手套	5	13
锁	5	13
停留	5	13
尾巴	5	13
乡村	5	13
相关	5	13
学者	5	13
迎接	5	13
意识	5	13
拥抱	5	13
有害	5	13
造	5	13
哲学	5	13
至今	5	13
状况	5	13
专心	5	13
主动	5	13
字母	5	13
半夜	5	12
保存	5	12
包裹	5	12
报警	5	12
本质	5	12
裁判	5	12
测试	5	12
成熟	5	12
当中	5	12
地位	5	12
翻	5	12
访问	5	12
分析	5	12
盖	5	12
含有	5	12
建	5	12
捡	5	12
交往	5	12
谨慎	5	12
空中	5	12
脸色	5	12
模糊	5	12
抢	5	12
穷	5	12
人物	5	12
如同	5	12
傻	5	12
删除	5	12
伤	5	12
神秘	5	12
始终	5	12
手术	5	12
宿舍	5	12
挑战	5	12
同一	5	12
物理	5	12
象征	5	12
形成	5	12
影片	5	12
营业	5	12
原则	5	12
状态	5	12
追求	5	12
最佳	5	12
作出	5	12
安全带	5	11
包括	5	11
不得了	5	11
操作	5	11
成长	5	11
臭	5	11
风格	5	11
隔	5	11
古代	5	11
河流	5	11
化学	5	11
伙伴	5	11
交换	5	11
结论	5	11
即将	5	11
角色	5	11
开放	5	11
泪水	5	11
良好	5	11
领域	5	11
逻辑	5	11
敏感	5	11
年代	5	11
跑道	5	11
配	5	11
评价	5	11
亲爱	5	11
上涨	5	11
生长	5	11
失业	5	11
数据	5	11
树木	5	11
说不定	5	11
围巾	5	11
舞蹈	5	11
物价	5	11
现场	5	11
现象	5	11
形容	5	11
形式	5	11
形状	5	11
阳台	5	11
严肃	5	11
义务	5	11
一致	5	11
游览	5	11
早晚	5	11
整整	5	11
装饰	5	11
注册	5	11
保留	5	10
被子	5	10
毕竟	5	10
超	5	10
承担	5	10
翅膀	5	10
创作	5	10
代	5	10
单独	5	10
地面	5	10
的确	5	10
丢失	5	10
豆腐	5	10
发表	5	10
发布	5	10
范围	5	10
发言	5	10
飞行	5	10
飞行员	5	10
概念	5	10
工业	5	10
光线	5	10
好转	5	10
将近	5	10
脚步	5	10
假如	5	10
急忙	5	10
经营	5	10
机器人	5	10
救护车	5	10
具体	5	10
利益	5	10
面临	5	10
明确	5	10
摸	5	10
陌生	5	10
签名	5	10
全力	5	10
全面	5	10
热爱	5	10
社区	5	10
实验室	5	10
摔	5	10
特殊	5	10
维持	5	10
舞台	5	10
显得	5	10
新娘	5	10
药物	5	10
应用	5	10
音量	5	10
饮食	5	10
有利	5	10
有益	5	10
犹豫	5	10
有助于	5	10
预测	5	10
预订	5	10
预计	5	10
糟	5	10
账户	5	10
整齐	5	10
支	5	10
重大	5	10
装修	5	10
车辆	5	9
成果	5	9
宠物	5	9
传播	5	9
出售	5	9
大脑	5	9
道理	5	9
定期	5	9
断	5	9
发挥	5	9
反而	5	9
反复	5	9
反正	5	9
奋斗	5	9
副	5	9
夫妇	5	9
高大	5	9
更新	5	9
功能	5	9
冠军	5	9
柜子	5	9
过度	5	9
后果	5	9
黄金	5	9
缓解	5	9
灰色	5	9
忽视	5	9
接触	5	9
克服	5	9
口味	5	9
媒体	5	9
能干	5	9
浓	5	9
平安	5	9
平静	5	9
如下	5	9
善于	5	9
实力	5	9
四处	5	9
思维	5	9
挑选	5	9
提问	5	9
体验	5	9
同情	5	9
违法	5	9
雾	5	9
限制	5	9
销售	5	9
协议	5	9
休闲	5	9
医学	5	9
优势	5	9
在线	5	9
站台	5	9
重量	5	9
住址	5	9
租金	5	9
宝贝	5	8
宝贵	5	8
保险	5	8
便利店	5	8
病情	5	8
长久	5	8
长期	5	8
产量	5	8
产业	5	8
超速	5	8
成立	5	8
打扮	5	8
大多	5	8
胆小	5	8
点心	5	8
对象	5	8
妇女	5	8
服装	5	8
改进	5	8
广泛	5	8
过分	5	8
货物	5	8
结构	5	8
记录	5	8
紧急	5	8
今日	5	8
进一步	5	8
肌肉	5	8
剧场	5	8
连续	5	8
了不起	5	8
领	5	8
陆地	5	8
魅力	5	8
描述	5	8
某	5	8
闹钟	5	8
农业	5	8
女子	5	8
平衡	5	8
平均	5	8
破坏	5	8
强大	5	8
青	5	8
请教	5	8
燃烧	5	8
人才	5	8
善良	5	8
沙子	5	8
时常	5	8
实践	5	8
事先	5	8
手段	5	8
双方	5	8
损害	5	8
调整	5	8
提交	5	8
投	5	8
推进	5	8
弯	5	8
胃	5	8
围绕	5	8
稳定	5	8
握手	5	8
消费者	5	8
行程	5	8
修改	5	8
需	5	8
学科	5	8
以及	5	8
玉米	5	8
炸	5	8
着凉	5	8
挣	5	8
整体	5	8
指导	5	8
制度	5	8
子女	5	8
哎呀	5	7
暗	5	7
安装	5	7
本人	5	7
拨打	5	7
成人	5	7
冲	5	7
初	5	7
床单	5	7
词汇	5	7
刺激	5	7
措施	5	7
大会	5	7
大事	5	7
打听	5	7
地下	5	7
动手	5	7
独特	5	7
返回	5	7
否定	5	7
个性	5	7
公平	5	7
恭喜	5	7
共享	5	7
构成	5	7
光临	5	7
固定	5	7
行业	5	7
合理	5	7
化	5	7
黄瓜	5	7
或是	5	7
挤	5	7
讲究	5	7
讲座	5	7
角度	5	7
家务	5	7
集合	5	7
据	5	7
开发	5	7
来源	5	7
恋爱	5	7
连接	5	7
临时	5	7
目光	5	7
碰见	5	7
拼	5	7
强调	5	7
情感	5	7
其余	5	7
全新	5	7
洒	5	7
色彩	5	7
沙漠	5	7
湿	5	7
时刻	5	7
特色	5	7
填	5	7
往返	5	7
握	5	7
无限	5	7
戏剧	5	7
行驶	5	7
心理	5	7
宣传	5	7
眼	5	7
延长	5	7
业务	5	7
一路	5	7
硬	5	7
营养	5	7
因素	5	7
用户	5	7
幼儿园	5	7
有力	5	7
预防	5	7
雨水	5	7
在场	5	7
在乎	5	7
早已	5	7
摘	5	7
展开	5	7
展现	5	7
正如	5	7
珍贵	5	7
转变	5	7
资格	5	7
资源	5	7
最初	5	7
包装	5	6
把握	5	6
本地	5	6
表情	5	6
标志	5	6
不符	5	6
不利	5	6
不足	5	6
朝	5	6
超出	5	6
车库	5	6
称赞	5	6
充足	5	6
处	5	6
导演	5	6
大厦	5	6
大型	5	6
登记	5	6
堆	5	6
二手	5	6
反映	5	6
歌曲	5	6
工程	5	6
贵姓	5	6
锅	5	6
过期	5	6
果实	5	6
故乡	5	6
鼓掌	5	6
含	5	6
合法	5	6
灰	5	6
坚强	5	6
接待	5	6
节省	5	6
及格	5	6
纪念	5	6
捐	5	6
颗	5	6
劳动	5	6
力	5	6
录取	5	6
矛盾	5	6
没法儿	5	6
面向	5	6
密切	5	6
农民	5	6
平	5	6
签字	5	6
绕	5	6
日历	5	6
晒	5	6
神话	5	6
失恋	5	6
市民	5	6
实施	5	6
实用	5	6
手工	5	6
书房	5	6
熟人	5	6
四周	5	6
通行	5	6
投入	5	6
图画	5	6
完善	5	6
物品	5	6
无数	5	6
相对	5	6
效率	5	6
行走	5	6
新人	5	6
询问	5	6
鸭子	5	6
医疗	5	6
应对	5	6
涨	5	6
召开	5	6
折扣	5	6
种植	5	6
资金	5	6
薄	5	5
报道	5	5
暴雨	5	5
采访	5	5
参考	5	5
册	5	5
成本	5	5
承受	5	5
车厢	5	5
传说	5	5
打包	5	5
淡	5	5
大批	5	5
电动	5	5
地理	5	5
动画	5	5
观念	5	5
果然	5	5
海外	5	5
户外	5	5
讲述	5	5
较	5	5
浇	5	5
交易	5	5
结	5	5
阶段	5	5
技能	5	5
进口	5	5
极其	5	5
类	5	5
梨	5	5
联合	5	5
流感	5	5
留言	5	5
迷	5	5
模式	5	5
闹	5	5
陪伴	5	5
培养	5	5
平台	5	5
品牌	5	5
签	5	5
悄悄	5	5
软	5	5
商人	5	5
烧烤	5	5
设备	5	5
身份	5	5
使得	5	5
失眠	5	5
税	5	5
书架	5	5
退出	5	5
推动	5	5
外公	5	5
外婆	5	5
橡皮	5	5
消化	5	5
下载	5	5
学术	5	5
夜市	5	5
疑问	5	5
用力	5	5
约定	5	5
增强	5	5
展览	5	5
真诚	5	5
针对	5	5
珍惜	5	5
直	5	5
种类	5	5
中医	5	5
住宿	5	5
咨询	5	5
总共	5	5
总体	5	5
总之	5	5
嘴巴	5	5
唉	5	4
哎	5	4
爱护	5	4
背景	5	4
比分	5	4
饼	5	4
必需	5	4
补充	5	4
采用	5	4
插	5	4
差距	5	4
长度	5	4
成年	5	4
尺子	5	4
丑	5	4
催	5	4
单	5	4
到期	5	4
电视台	5	4
低头	5	4
罚	5	4
福	5	4
告别	5	4
高级	5	4
根	5	4
贡献	5	4
广	5	4
规模	5	4
滚	5	4
海鲜	5	4
含量	5	4
互动	5	4
胡同	5	4
架	5	4
艰苦	5	4
键盘	5	4
建设	5	4
加热	5	4
加速	5	4
纪录	5	4
经典	5	4
精力	5	4
开水	5	4
老百姓	5	4
类似	5	4
灵活	5	4
领先	5	4
流传	5	4
旅行社	5	4
明星	5	4
难度	5	4
内部	5	4
凭借	5	4
品种	5	4
齐	5	4
签订	5	4
人体	5	4
扇	5	4
商业	5	4
舍不得	5	4
伸	5	4
深度	5	4
生肖	5	4
深入	5	4
设施	5	4
设置	5	4
失误	5	4
缩短	5	4
台灯	5	4
特有	5	4
铁路	5	4
题目	5	4
体现	5	4
统一	5	4
拖鞋	5	4
完整	5	4
违反	5	4
无奈	5	4
先进	5	4
消费	5	4
小型	5	4
新郎	5	4
新型	5	4
吸收	5	4
修建	5	4
样式	5	4
药品	5	4
一路顺风	5	4
用法	5	4
优惠	5	4
优美	5	4
优质	5	4
预报	5	4
运输	5	4
语气	5	4
治	5	4
制定	5	4
知名	5	4
抓紧	5	4
主持	5	4
主观	5	4
保安	5	3
变动	5	3
便利	5	3
标题	5	3
必然	5	3
不良	5	3
不要紧	5	3
测	5	3
拆	5	3
长处	5	3
场所	5	3
长途	5	3
长远	5	3
成分	5	3
充电	5	3
创新	5	3
出自	5	3
此时	5	3
促销	5	3
大胆	5	3
待遇	5	3
大力	5	3
挡	5	3
大众	5	3
登	5	3
调	5	3
吨	5	3
罚款	5	3
法院	5	3
纷纷	5	3
分类	5	3
负担	5	3
改天	5	3
歌词	5	3
各自	5	3
鼓	5	3
挂号	5	3
光明	5	3
国画	5	3
海关	5	3
好评	5	3
挥	5	3
汇率	5	3
加工	5	3
奖励	5	3
简历	5	3
激烈	5	3
纪录片	5	3
近年来	5	3
就业	5	3
具备	5	3
决赛	5	3
客观	5	3
宽度	5	3
粮食	5	3
利润	5	3
里头	5	3
浏览	5	3
离职	5	3
龙	5	3
漏	5	3
排列	5	3
拍摄	5	3
配合	5	3
普及	5	3
浅	5	3
强度	5	3
气球	5	3
全体	5	3
热烈	5	3
人力	5	3
人民币	5	3
热心	5	3
上传	5	3
上下	5	3
山区	5	3
舍得	5	3
身材	5	3
省份	5	3
深厚	5	3
摄影	5	3
式	5	3
实习	5	3
食用	5	3
适用	5	3
守	5	3
售价	5	3
收看	5	3
鼠标	5	3
书法	5	3
碎	5	3
随手	5	3
台阶	5	3
调皮	5	3
体会	5	3
提起	5	3
团	5	3
突出	5	3
退	5	3
外形	5	3
围	5	3
维修	5	3
五颜六色	5	3
向上	5	3
行人	5	3
形势	5	3
形象	5	3
摇	5	3
要不是	5	3
一次性	5	3
一代	5	3
依据	5	3
因而	5	3
用品	5	3
由此	5	3
元旦	5	3
早期	5	3
占线	5	3
争	5	3
争取	5	3
种子	5	3
注重	5	3
总部	5	3
必	5	2
比例	5	2
病房	5	2
彩色	5	2
产	5	2
常识	5	2
沉	5	2
池	5	2
传递	5	2
初期	5	2
此后	5	2
此前	5	2
从而	5	2
促进	5	2
存放	5	2
存款	5	2
促使	5	2
当年	5	2
当前	5	2
单一	5	2
冻	5	2
短处	5	2
对比	5	2
朵	5	2
二维码	5	2
发达	5	2
方	5	2
发起	5	2
分离	5	2
分配	5	2
扶	5	2
复制	5	2
高科技	5	2
高效	5	2
格外	5	2
工艺	5	2
哈	5	2
汗水	5	2
合	5	2
盒饭	5	2
划	5	2
画面	5	2
缓慢	5	2
键	5	2
教材	5	2
结合	5	2
静	5	2
纪念日	5	2
紧密	5	2
集体	5	2
开幕	5	2
开幕式	5	2
开通	5	2
看作	5	2
可见	5	2
扩大	5	2
泪	5	2
厘米	5	2
领取	5	2
路人	5	2
名称	5	2
年夜饭	5	2
情景	5	2
亲人	5	2
汽油	5	2
群	5	2
趋势	5	2
热量	5	2
人工	5	2
弱	5	2
设立	5	2
胜	5	2
升	5	2
升级	5	2
深远	5	2
时差	5	2
适当	5	2
试卷	5	2
试用	5	2
首次	5	2
熟练	5	2
输入	5	2
搜索	5	2
套	5	2
特征	5	2
甜品	5	2
跳远	5	2
图书	5	2
危害	5	2
问卷	5	2
县	5	2
现代化	5	2
响声	5	2
线路	5	2
消极	5	2
销量	5	2
性质	5	2
心态	5	2
腰	5	2
夜间	5	2
业余	5	2
移	5	2
亿	5	2
印刷	5	2
邮寄	5	2
有限	5	2
原	5	2
语音	5	2
在内	5	2
窄	5	2
掌声	5	2
直播	5	2
智能	5	2
志愿者	5	2
众多	5	2
中华	5	2
中介	5	2
中期	5	2
转告	5	2
逐步	5	2
主食	5	2
竹子	5	2
总数	5	2
族	5	2
宝	5	1
保	5	1
保质期	5	1
比喻	5	1
大妈	5	1
大米	5	1
大于	5	1
登录	5	1
递	5	1
电器	5	1
动人	5	1
豆浆	5	1
堵	5	1
短期	5	1
防	5	1
繁荣	5	1
风俗	5	1
富	5	1
高档	5	1
个别	5	1
更换	5	1
公布	5	1
公务员	5	1
广大	5	1
规律	5	1
合影	5	1
厚度	5	1
级	5	1
集	5	1
甲	5	1
嘉宾	5	1
加深	5	1
季度	5	1
届	5	1
接收	5	1
机构	5	1
紧	5	1
近代	5	1
近日	5	1
久远	5	1
急需	5	1
记载	5	1
开展	5	1
库	5	1
亏	5	1
姥姥	5	1
姥爷	5	1
铃	5	1
路线	5	1
买卖	5	1
名牌	5	1
名片	5	1
难得	5	1
哪怕	5	1
赔	5	1
培训	5	1
批	5	1
屏幕	5	1
聘请	5	1
拼音	5	1
抢救	5	1
权	5	1
群体	5	1
认	5	1
日用品	5	1
赛场	5	1
删	5	1
扇子	5	1
省会	5	1
试验	5	1
水分	5	1
顺	5	1
缩小	5	1
特产	5	1
体力	5	1
统计	5	1
外观	5	1
闲	5	1
相册	5	1
先后	5	1
信用	5	1
学年	5	1
押金	5	1
沿	5	1
乙	5	1
硬件	5	1
引进	5	1
用途	5	1
悠久	5	1
优良	5	1
油条	5	1
运	5	1
语文	5	1
增	5	1
赠送	5	1
账号	5	1
涨价	5	1
诊断	5	1
职工	5	1
中外	5	1
中药	5	1
周年	5	1
主任	5	1
紫	5	1
自觉	5	1
综合	5	1
组合	5	1
报到	5	0
本领	5	0
闭幕式	5	0
餐饮	5	0
城区	5	0
乘务员	5	0
车主	5	0
充值	5	0
窗台	5	0
创业	5	0
初级	5	0
除夕	5	0
带动	5	0
单元	5	0
大爷	5	0
电商	5	0
点赞	5	0
电子版	5	0
调研	5	0
读音	5	0
儿女	5	0
分布	5	0
丰富多彩	5	0
概括	5	0
敢于	5	0
各行各业	5	0
古	5	0
国庆	5	0
话费	5	0
环节	5	0
伙	5	0
火锅	5	0
家电	5	0
降水	5	0
近期	5	0
急诊	5	0
距	5	0
开业	5	0
科研	5	0
连忙	5	0
录	5	0
陆续	5	0
录音	5	0
毛笔	5	0
美术	5	0
门诊	5	0
年初	5	0
派出所	5	0
配送	5	0
盆	5	0
匹	5	0
品	5	0
评	5	0
轻重	5	0
亲朋好友	5	0
亲情	5	0
忍	5	0
人际	5	0
赏	5	0
商家	5	0
商务	5	0
生动	5	0
升温	5	0
束	5	0
搜	5	0
酸甜苦辣	5	0
随后	5	0
桃	5	0
跳高	5	0
提倡	5	0
推广	5	0
退还	5	0
外部	5	0
武术	5	0
无效	5	0
物业	5	0
戏	5	0
乡	5	0
现状	5	0
小于	5	0
西餐	5	0
斜	5	0
吸管	5	0
学分	5	0
雪糕	5	0
学历	5	0
虚心	5	0
研发	5	0
研制	5	0
要不（然）	5	0
压岁钱	5	0
迎	5	0
影视	5	0
原有	5	0
运费	5	0
运用	5	0
赠	5	0
增进	5	0
展出	5	0
阵	5	0
证书	5	0
止	5	0
职场	5	0
制订	5	0
中华民族	5	0
中级	5	0
住房	5	0
姿势	5	0
于	6	120
才能	6	96
真相	6	93
啦	6	90
棒球	6	85
偷	6	83
战争	6	81
惊讶	6	74
成	6	66
肯	6	66
婴儿	6	57
学会	6	56
钓鱼	6	55
杀	6	55
得了	6	54
因	6	54
试图	6	50
死亡	6	50
搭	6	49
母语	6	48
呆	6	47
金钱	6	41
吓	6	41
滑雪	6	40
拜访	6	39
犯	6	39
钢笔	6	38
恨	6	38
和平	6	38
就算	6	37
承诺	6	35
国王	6	34
俱乐部	6	34
老鼠	6	33
警告	6	32
谈论	6	32
悲伤	6	31
火灾	6	31
嘛	6	31
期望	6	30
时光	6	30
穿过	6	29
神	6	29
黑暗	6	28
手臂	6	28
建筑物	6	27
财富	6	26
渴望	6	26
月球	6	26
则	6	26
嘲笑	6	25
抵达	6	25
狮子	6	25
自杀	6	25
交谈	6	24
忍受	6	24
为何	6	24
方言	6	23
尽	6	23
金属	6	23
浴室	6	23
纯	6	22
覆盖	6	22
孤独	6	22
故障	6	22
怀孕	6	22
摩托车	6	22
娶	6	22
薪水	6	22
爆炸	6	21
饥饿	6	21
士兵	6	21
哇	6	21
职位	6	21
自豪	6	21
惩罚	6	20
攻击	6	20
款	6	20
命令	6	20
英雄	6	20
脖子	6	19
除非	6	19
从未	6	19
肩膀	6	19
评论	6	19
清理	6	19
欺骗	6	19
求助	6	19
视力	6	19
娃娃	6	19
武器	6	19
爆发	6	18
吵架	6	18
村庄	6	18
胡子	6	18
可怜	6	18
科目	6	18
冒	6	18
蜜蜂	6	18
平等	6	18
气味	6	18
伤口	6	18
台风	6	18
添加	6	18
演奏	6	18
预定	6	18
财产	6	17
尺寸	6	17
毫无	6	17
精通	6	17
漫长	6	17
内衣	6	17
起初	6	17
石油	6	17
塔	6	17
天才	6	17
天下	6	17
未	6	17
一道	6	17
一口气	6	17
在意	6	17
窗口	6	16
答复	6	16
愤怒	6	16
隔壁	6	16
关怀	6	16
过后	6	16
军队	6	16
强迫	6	16
人家	6	16
融化	6	16
书籍	6	16
算是	6	16
依赖	6	16
以免	6	16
战斗	6	16
不得	6	15
不止	6	15
顶	6	15
感激	6	15
过时	6	15
花朵	6	15
进展	6	15
康复	6	15
恐惧	6	15
烂	6	15
老太太	6	15
漫画	6	15
求	6	15
逃跑	6	15
投资	6	15
政策	6	15
争论	6	15
不禁	6	14
踩	6	14
代价	6	14
打架	6	14
公众	6	14
老实	6	14
枪	6	14
强壮	6	14
太空	6	14
糖果	6	14
偷偷	6	14
温和	6	14
闻名	6	14
炎热	6	14
赞同	6	14
枕头	6	14
指责	6	14
暗示	6	13
被迫	6	13
逼	6	13
崇拜	6	13
洪水	6	13
后退	6	13
花生	6	13
灰尘	6	13
婚姻	6	13
寂寞	6	13
看不起	6	13
冒险	6	13
民主	6	13
清洗	6	13
求婚	6	13
山顶	6	13
透过	6	13
误解	6	13
笑容	6	13
心灵	6	13
一辈子	6	13
遭受	6	13
转移	6	13
走廊	6	13
本身	6	12
订婚	6	12
恶心	6	12
尴尬	6	12
歌唱	6	12
公主	6	12
嘿	6	12
黄	6	12
幻想	6	12
混乱	6	12
焦虑	6	12
舅舅	6	12
给予	6	12
看待	6	12
命名	6	12
迷人	6	12
泡	6	12
骗子	6	12
青春	6	12
清洁	6	12
烫	6	12
为止	6	12
文明	6	12
寻求	6	12
众人	6	12
摆脱	6	11
匆忙	6	11
发光	6	11
活力	6	11
艰难	6	11
假设	6	11
狼	6	11
例外	6	11
轮流	6	11
明明	6	11
疲劳	6	11
评估	6	11
撒	6	11
损坏	6	11
吐	6	11
温柔	6	11
无所谓	6	11
线	6	11
协助	6	11
争吵	6	11
专注	6	11
不安	6	10
不成	6	10
彩票	6	10
场合	6	10
趁	6	10
出示	6	10
岛	6	10
得知	6	10
斗争	6	10
多亏	6	10
服从	6	10
干燥	6	10
供应	6	10
患	6	10
患者	6	10
剑	6	10
绝望	6	10
蚂蚁	6	10
面粉	6	10
暖气	6	10
贫困	6	10
晴朗	6	10
权力	6	10
取代	6	10
闪电	6	10
舌头	6	10
实话	6	10
显著	6	10
心脏	6	10
习俗	6	10
言语	6	10
依旧	6	10
银	6	10
拥挤	6	10
预期	6	10
折	6	10
指示	6	10
之所以	6	10
职员	6	10
昂贵	6	9
病毒	6	9
不许	6	9
城镇	6	9
刺	6	9
道德	6	9
符号	6	9
夫人	6	9
富裕	6	9
港口	6	9
革命	6	9
公开	6	9
规矩	6	9
忽略	6	9
极端	6	9
进度	6	9
纠正	6	9
困扰	6	9
来临	6	9
落后	6	9
勉强	6	9
念书	6	9
气氛	6	9
清醒	6	9
气体	6	9
散	6	9
释放	6	9
水面	6	9
思念	6	9
谈判	6	9
特地	6	9
为此	6	9
携带	6	9
宴会	6	9
以便	6	9
隐藏	6	9
影子	6	9
远方	6	9
运行	6	9
灾难	6	9
战胜	6	9
祝福	6	9
棕色	6	9
潮湿	6	8
出名	6	8
档案	6	8
繁忙	6	8
高手	6	8
和谐	6	8
核心	6	8
会见	6	8
回头	6	8
混	6	8
活跃	6	8
兼职	6	8
角落	6	8
竞赛	6	8
近来	6	8
金牌	6	8
夸张	6	8
立场	6	8
脑子	6	8
佩服	6	8
皮	6	8
墙壁	6	8
谦虚	6	8
清扫	6	8
圈	6	8
区分	6	8
认同	6	8
柔软	6	8
寿命	6	8
书写	6	8
松	6	8
头脑	6	8
未必	6	8
危机	6	8
小麦	6	8
痒	6	8
延期	6	8
一模一样	6	8
引发	6	8
仪式	6	8
用功	6	8
与其	6	8
欲望	6	8
证实	6	8
症状	6	8
转动	6	8
主管	6	8
主张	6	8
自我	6	8
祖国	6	8
北极	6	7
编	6	7
布	6	7
不耐烦	6	7
不适	6	7
布置	6	7
彩虹	6	7
才华	6	7
差异	6	7
称呼	6	7
重建	6	7
大方	6	7
贷款	6	7
当选	6	7
诞生	6	7
担忧	6	7
倒闭	6	7
倒是	6	7
典型	6	7
定义	6	7
毒	6	7
多余	6	7
服用	6	7
跟随	6	7
姑姑	6	7
轨道	6	7
骨头	6	7
滑冰	6	7
回报	6	7
火柴	6	7
夹	6	7
继承	6	7
戒指	6	7
精确	6	7
酒精	6	7
极为	6	7
聚集	6	7
卡片	6	7
理科	6	7
浏览器	6	7
理性	6	7
埋	6	7
灭	6	7
脑袋	6	7
能源	6	7
扑	6	7
铺	6	7
瞧	6	7
启动	6	7
倾向	6	7
期限	6	7
燃料	6	7
认可	6	7
融合	6	7
丧失	6	7
山坡	6	7
深夜	6	7
天然	6	7
通道	6	7
透	6	7
拖	6	7
土壤	6	7
王子	6	7
胃口	6	7
嫌	6	7
消耗	6	7
眼光	6	7
液体	6	7
一阵	6	7
月光	6	7
运送	6	7
至于	6	7
捉	6	7
助手	6	7
自言自语	6	7
榜样	6	6
保管	6	6
悲剧	6	6
奔跑	6	6
播种	6	6
不顾	6	6
仓库	6	6
长寿	6	6
呈现	6	6
冲突	6	6
储蓄	6	6
大幅	6	6
耽误	6	6
搭配	6	6
大使	6	6
等级	6	6
跌	6	6
抵抗	6	6
订单	6	6
躲避	6	6
恶劣	6	6
发动	6	6
法官	6	6
妨碍	6	6
发票	6	6
供给	6	6
公民	6	6
公正	6	6
观光	6	6
毫不	6	6
混合	6	6
教训	6	6
杰出	6	6
解答	6	6
截止	6	6
景象	6	6
卷	6	6
开头	6	6
看似	6	6
考验	6	6
款式	6	6
理	6	6
晾	6	6
旅程	6	6
轮子	6	6
盲人	6	6
眉毛	6	6
明亮	6	6
木材	6	6
暖	6	6
庞大	6	6
扑灭	6	6
清晰	6	6
缺陷	6	6
热门	6	6
上当	6	6
时机	6	6
食欲	6	6
岁月	6	6
探索	6	6
逃	6	6
天然气	6	6
天真	6	6
铜牌	6	6
投票	6	6
推行	6	6
拖延	6	6
外表	6	6
望	6	6
乌龟	6	6
鲜艳	6	6
血压	6	6
严厉	6	6
要素	6	6
也好	6	6
疑惑	6	6
乐器	6	6
正义	6	6
值班	6	6
中央	6	6
珠宝	6	6
总算	6	6
罪	6	6
足以	6	6
按摩	6	5
版本	6	5
伴随	6	5
保障	6	5
背心	6	5
本能	6	5
草原	6	5
策略	6	5
场面	6	5
沉重	6	5
冲动	6	5
创意	6	5
传真	6	5
出于	6	5
打击	6	5
打雷	6	5
倒车	6	5
得以	6	5
点击	6	5
电力	6	5
地道	6	5
动漫	6	5
顿时	6	5
都市	6	5
肺	6	5
干脆	6	5
岗位	6	5
感染	6	5
工夫	6	5
拐弯	6	5
归	6	5
海面	6	5
含义	6	5
好不	6	5
好感	6	5
好学	6	5
合并	6	5
痕迹	6	5
怀念	6	5
皇帝	6	5
绘画	6	5
箭	6	5
酱	6	5
将军	6	5
即便	6	5
惊人	6	5
精准	6	5
救命	6	5
剧本	6	5
决策	6	5
口感	6	5
路程	6	5
弥补	6	5
民众	6	5
模仿	6	5
能量	6	5
配备	6	5
飘	6	5
平凡	6	5
破产	6	5
巧妙	6	5
清晨	6	5
亲密	6	5
认错	6	5
人为	6	5
日益	6	5
弱点	6	5
散文	6	5
刹车	6	5
山峰	6	5
射	6	5
声调	6	5
诗歌	6	5
事务	6	5
十足	6	5
收益	6	5
薯片	6	5
算了	6	5
听话	6	5
投诉	6	5
团结	6	5
挖	6	5
外交	6	5
外甥	6	5
网	6	5
万物	6	5
先前	6	5
细胞	6	5
信赖	6	5
要么	6	5
一带	6	5
艺人	6	5
一时	6	5
以往	6	5
一向	6	5
一系列	6	5
用处	6	5
用心	6	5
原本	6	5
元素	6	5
灾害	6	5
遭到	6	5
遭遇	6	5
粘	6	5
障碍	6	5
指定	6	5
只顾	6	5
至关重要	6	5
州	6	5
装备	6	5
专用	6	5
阻碍	6	5
摆	6	4
爆	6	4
暴力	6	4
报社	6	4
悲观	6	4
测量	6	4
叉	6	4
拆除	6	4
抄	6	4
撑	6	4
成千上万	6	4
成语	6	4
称作	6	4
持有	6	4
筹备	6	4
抽象	6	4
闯	6	4
创立	6	4
船只	6	4
此刻	6	4
次数	6	4
匆匆	6	4
打交道	6	4
大吃一惊	6	4
导师	6	4
打造	6	4
典礼	6	4
点燃	6	4
电源	6	4
栋	6	4
肥	6	4
肥沃	6	4
服	6	4
辅导	6	4
福利	6	4
赋予	6	4
跟踪	6	4
公认	6	4
官员	6	4
古典	6	4
跪	6	4
国旗	6	4
海岸	6	4
海拔	6	4
航空	6	4
后者	6	4
化妆	6	4
货车	6	4
坚定	6	4
酱油	6	4
脚印	6	4
节奏	6	4
金融	6	4
激情	6	4
就读	6	4
剧烈	6	4
军人	6	4
开关	6	4
开启	6	4
砍	6	4
看好	6	4
看重	6	4
课题	6	4
可行	6	4
会计	6	4
辣椒	6	4
凌晨	6	4
漏洞	6	4
旅途	6	4
麦克风	6	4
贸易	6	4
煤	6	4
泥	6	4
排练	6	4
抛	6	4
片刻	6	4
频繁	6	4
清	6	4
情形	6	4
勤劳	6	4
群众	6	4
人士	6	4
人行道	6	4
散发	6	4
鲨鱼	6	4
社	6	4
涉及	6	4
身心	6	4
设想	6	4
时尚	6	4
手势	6	4
水流	6	4
瞬间	6	4
岁数	6	4
特性	6	4
提示	6	4
铜	6	4
同行	6	4
通用	6	4
透露	6	4
团体	6	4
围棋	6	4
文档	6	4
无疑	6	4
险	6	4
限度	6	4
香肠	6	4
项链	6	4
向往	6	4
陷入	6	4
消除	6	4
消灭	6	4
小气	6	4
协会	6	4
心底	6	4
形态	6	4
胸	6	4
修复	6	4
袖子	6	4
细致	6	4
血型	6	4
血液	6	4
氧气	6	4
沿海	6	4
淹没	6	4
遥远	6	4
野生	6	4
异常	6	4
一流	6	4
银牌	6	4
隐私	6	4
用餐	6	4
长辈	6	4
账单	6	4
招手	6	4
镇	6	4
睁	6	4
正面	6	4
阵雨	6	4
珍珠	6	4
侄子	6	4
肿	6	4
终身	6	4
众所周知	6	4
资本	6	4
资产	6	4
自助	6	4
总理	6	4
摆放	6	3
扮演	6	3
暴露	6	3
编辑	6	3
播	6	3
博览会	6	3
不已	6	3
不至于	6	3
策划	6	3
场地	6	3
潮流	6	3
盛	6	3
持久	6	3
除	6	3
传承	6	3
传达	6	3
传染病	6	3
醋	6	3
挫折	6	3
大地	6	3
打动	6	3
单纯	6	3
单调	6	3
当初	6	3
当天	6	3
当下	6	3
打仗	6	3
大致	6	3
动机	6	3
逗	6	3
短缺	6	3
对抗	6	3
蹲	6	3
多元	6	3
耳环	6	3
二氧化碳	6	3
丰收	6	3
风雨	6	3
氛围	6	3
浮	6	3
概率	6	3
感想	6	3
稿子	6	3
割	6	3
拐	6	3
关爱	6	3
官方	6	3
关联	6	3
规划	6	3
股票	6	3
古人	6	3
股市	6	3
固体	6	3
害	6	3
罕见	6	3
狠	6	3
壶	6	3
怀	6	3
回顾	6	3
尖	6	3
检测	6	3
间隔	6	3
奖品	6	3
坚决	6	3
减压	6	3
坚硬	6	3
交际	6	3
家属	6	3
家园	6	3
击败	6	3
解	6	3
街头	6	3
基金	6	3
金额	6	3
精美	6	3
精心	6	3
进化	6	3
金子	6	3
技巧	6	3
急切	6	3
救援	6	3
基因	6	3
捐赠	6	3
科幻	6	3
空闲	6	3
扣	6	3
夸	6	3
扩展	6	3
乐于	6	3
立	6	3
联想	6	3
流程	6	3
利息	6	3
论坛	6	3
轮椅	6	3
录用	6	3
描写	6	3
密集	6	3
民间	6	3
模型	6	3
奶粉	6	3
南美洲	6	3
难免	6	3
偶像	6	3
排除	6	3
捧	6	3
频道	6	3
迫切	6	3
朴素	6	3
前景	6	3
前者	6	3
清淡	6	3
齐全	6	3
起源	6	3
气质	6	3
棋子	6	3
仍旧	6	3
人事	6	3
融入	6	3
生态	6	3
剩余	6	3
神奇	6	3
适度	6	3
属	6	3
衰老	6	3
水稻	6	3
树立	6	3
艘	6	3
虽	6	3
素质	6	3
太阳能	6	3
弹性	6	3
特	6	3
听取	6	3
童话	6	3
通话	6	3
图案	6	3
突发	6	3
推测	6	3
途径	6	3
图像	6	3
歪	6	3
弯曲	6	3
微小	6	3
文具	6	3
物体	6	3
鲜明	6	3
下线	6	3
媳妇	6	3
细菌	6	3
信念	6	3
新颖	6	3
心愿	6	3
许可	6	3
叙述	6	3
样	6	3
严寒	6	3
遗产	6	3
移民	6	3
引	6	3
一身	6	3
优化	6	3
有机	6	3
有劲	6	3
优异	6	3
源于	6	3
预料	6	3
招	6	3
招待	6	3
正规	6	3
质疑	6	3
钟头	6	3
粥	6	3
周边	6	3
庄稼	6	3
主角	6	3
助理	6	3
主流	6	3
著作	6	3
总裁	6	3
钻	6	3
阻挡	6	3
祖先	6	3
版	6	2
保暖	6	2
被动	6	2
遍地	6	2
编写	6	2
兵	6	2
补	6	2
不曾	6	2
不时	6	2
采购	6	2
采集	6	2
材质	6	2
残疾	6	2
长短	6	2
常规	6	2
炒股	6	2
超越	6	2
查询	6	2
撤回	6	2
创建	6	2
传染	6	2
储存	6	2
处罚	6	2
出入	6	2
出游	6	2
大臣	6	2
大伙儿	6	2
当场	6	2
当今	6	2
当面	6	2
灯笼	6	2
吊	6	2
对立	6	2
对应	6	2
发愁	6	2
法规	6	2
放大	6	2
繁殖	6	2
肥胖	6	2
肺炎	6	2
分散	6	2
负面	6	2
改编	6	2
干旱	6	2
干扰	6	2
高端	6	2
高原	6	2
公	6	2
工地	6	2
构造	6	2
罐	6	2
广阔	6	2
规范	6	2
国宝	6	2
国歌	6	2
顾问	6	2
海域	6	2
横	6	2
衡量	6	2
宏大	6	2
户	6	2
化石	6	2
汇款	6	2
灰心	6	2
加剧	6	2
坚固	6	2
减弱	6	2
胶水	6	2
郊外	6	2
结实	6	2
纪律	6	2
精致	6	2
集团	6	2
均匀	6	2
看中	6	2
考核	6	2
空地	6	2
夸奖	6	2
亏损	6	2
赖	6	2
来往	6	2
拦	6	2
栏	6	2
两岸	6	2
联合国	6	2
理念	6	2
路面	6	2
轮	6	2
录像	6	2
履行	6	2
录制	6	2
马虎	6	2
描绘	6	2
名气	6	2
默默	6	2
母	6	2
目录	6	2
模样	6	2
难点	6	2
农田	6	2
盘	6	2
盼望	6	2
片面	6	2
平方米	6	2
强化	6	2
潜力	6	2
桥梁	6	2
情节	6	2
倾听	6	2
曲	6	2
染	6	2
热点	6	2
认定	6	2
人山人海	6	2
认知	6	2
荣誉	6	2
塞	6	2
嗓子	6	2
闪	6	2
上级	6	2
上进	6	2
上市	6	2
上台	6	2
神经	6	2
审美	6	2
摄像头	6	2
识别	6	2
示范	6	2
使劲	6	2
视觉	6	2
势力	6	2
时速	6	2
收藏	6	2
收取	6	2
受灾	6	2
输出	6	2
水泥	6	2
数目	6	2
思路	6	2
塑造	6	2
探讨	6	2
套餐	6	2
特长	6	2
特意	6	2
田	6	2
添	6	2
调节	6	2
体操	6	2
体系	6	2
同伴	6	2
突破	6	2
维护	6	2
味觉	6	2
维生素	6	2
文物	6	2
文献	6	2
误	6	2
香水	6	2
相应	6	2
线索	6	2
协调	6	2
喜剧	6	2
系列	6	2
心爱	6	2
心目	6	2
修订	6	2
旋转	6	2
学位	6	2
学问	6	2
延伸	6	2
要点	6	2
业	6	2
遗传	6	2
一帆风顺	6	2
议论	6	2
引导	6	2
仪器	6	2
一同	6	2
易于	6	2
一再	6	2
优先	6	2
原材料	6	2
原料	6	2
原始	6	2
晕	6	2
灾区	6	2
赞赏	6	2
扎	6	2
争夺	6	2
争议	6	2
枝	6	2
支出	6	2
只得	6	2
脂肪	6	2
治理	6	2
中毒	6	2
中断	6	2
中奖	6	2
中暑	6	2
周到	6	2
转换	6	2
转身	6	2
住宅	6	2
自愿	6	2
粽子	6	2
足	6	2
败	6	1
白白	6	1
报刊	6	1
备用	6	1
闭	6	1
变质	6	1
比方	6	1
薄弱	6	1
捕	6	1
补偿	6	1
部队	6	1
补贴	6	1
猜测	6	1
财务	6	1
层面	6	1
产出	6	1
产地	6	1
场景	6	1
朝代	6	1
插座	6	1
诚信	6	1
撤销	6	1
冲击	6	1
充实	6	1
愁	6	1
串	6	1
创办	6	1
传授	6	1
垂直	6	1
出境	6	1
脆	6	1
脆弱	6	1
寸	6	1
存储	6	1
大都	6	1
代理	6	1
带领	6	1
打卡	6	1
蛋白质	6	1
当代	6	1
大洋洲	6	1
滴	6	1
店铺	6	1
定位	6	1
地形	6	1
动力	6	1
端	6	1
多才多艺	6	1
发电	6	1
放飞	6	1
房价	6	1
防治	6	1
反馈	6	1
反思	6	1
发行	6	1
发炎	6	1
发育	6	1
粉	6	1
封闭	6	1
奉献	6	1
附件	6	1
辅助	6	1
改造	6	1
高层	6	1
高峰	6	1
高尚	6	1
个体	6	1
宫	6	1
公告	6	1
功效	6	1
公益	6	1
公元	6	1
官	6	1
管道	6	1
观赏	6	1
归还	6	1
贵重	6	1
过渡	6	1
鼓舞	6	1
寒冬	6	1
旱灾	6	1
好客	6	1
后代	6	1
后人	6	1
划分	6	1
环	6	1
话筒	6	1
汇报	6	1
货币	6	1
互助	6	1
嫁	6	1
加倍	6	1
家家户户	6	1
讲解	6	1
简化	6	1
检验	6	1
胶带	6	1
较为	6	1
加以	6	1
机动车	6	1
解读	6	1
解放	6	1
借鉴	6	1
截至	6	1
急救	6	1
激励	6	1
景观	6	1
经商	6	1
镜头	6	1
酒水	6	1
救助	6	1
吉祥	6	1
机械	6	1
技艺	6	1
捐款	6	1
举动	6	1
菊花	6	1
局面	6	1
局限	6	1
开设	6	1
看得起	6	1
科	6	1
客车	6	1
可口	6	1
酷	6	1
快捷	6	1
枯燥	6	1
牢	6	1
联网	6	1
力度	6	1
流量	6	1
流入	6	1
绿化	6	1
轮船	6	1
落地	6	1
迈	6	1
码头	6	1
棉	6	1
免	6	1
面部	6	1
免疫	6	1
面子	6	1
密度	6	1
名额	6	1
名胜	6	1
模拟	6	1
模特儿	6	1
南极洲	6	1
内科	6	1
年度	6	1
扭	6	1
浓厚	6	1
排放	6	1
排名	6	1
赔偿	6	1
培育	6	1
碰撞	6	1
平方	6	1
频率	6	1
泼	6	1
恰当	6	1
恰好	6	1
起点	6	1
切实	6	1
启发	6	1
启示	6	1
求救	6	1
全程	6	1
渠道	6	1
趣味	6	1
热度	6	1
人均	6	1
热水器	6	1
日前	6	1
日夜	6	1
容量	6	1
入境	6	1
入门	6	1
入选	6	1
筛选	6	1
射击	6	1
生成	6	1
诗词	6	1
师父	6	1
实惠	6	1
事项	6	1
实质	6	1
手法	6	1
收购	6	1
书画	6	1
水库	6	1
搜集	6	1
台球	6	1
淘气	6	1
淘汰	6	1
踏实	6	1
特定	6	1
天文	6	1
题材	6	1
体积	6	1
听觉	6	1
提取	6	1
痛快	6	1
同类	6	1
通讯	6	1
透明	6	1
吞	6	1
外科	6	1
往后	6	1
往来	6	1
往年	6	1
顽强	6	1
为难	6	1
委屈	6	1
文科	6	1
文艺	6	1
限	6	1
现存	6	1
相差	6	1
相传	6	1
相等	6	1
相连	6	1
象棋	6	1
相声	6	1
现货	6	1
限于	6	1
消毒	6	1
歇	6	1
型号	6	1
性价比	6	1
性能	6	1
新款	6	1
心疼	6	1
新兴	6	1
戏曲	6	1
吸取	6	1
洗漱	6	1
选拔	6	1
学员	6	1
循环	6	1
养老院	6	1
严禁	6	1
眼看	6	1
研讨	6	1
延续	6	1
验证	6	1
压缩	6	1
野外	6	1
一贯	6	1
一律	6	1
印	6	1
音节	6	1
饮用水	6	1
衣食住行	6	1
遗址	6	1
抑制	6	1
犹如	6	1
余额	6	1
圆满	6	1
元宵	6	1
约束	6	1
晕车	6	1
运营	6	1
杂	6	1
再三	6	1
再生	6	1
占据	6	1
粘贴	6	1
占有	6	1
照明	6	1
招收	6	1
征求	6	1
制	6	1
指挥	6	1
智力	6	1
秩序	6	1
职责	6	1
种地	6	1
终点	6	1
重心	6	1
中旬	6	1
追究	6	1
主演	6	1
祝愿	6	1
自来水	6	1
字幕	6	1
岸	6	0
案例	6	0
百分点	6	0
百货	6	0
白领	6	0
拜年	6	0
保健	6	0
保修	6	0
北美洲	6	0
倍增	6	0
本土	6	0
避	6	0
便捷	6	0
必修	6	0
比重	6	0
补课	6	0
不料	6	0
部位	6	0
补习	6	0
不宜	6	0
步骤	6	0
采纳	6	0
财物	6	0
参展	6	0
侧	6	0
层次	6	0
肠	6	0
场次	6	0
场馆	6	0
厂家	6	0
常年	6	0
厂商	6	0
畅通	6	0
常温	6	0
畅销	6	0
承办	6	0
称号	6	0
成交	6	0
成效	6	0
尺	6	0
抽奖	6	0
传输	6	0
初步	6	0
出场	6	0
处处	6	0
初等	6	0
出力	6	0
瓷器	6	0
从业	6	0
大师	6	0
电饭锅	6	0
调动	6	0
定价	6	0
定时	6	0
定制	6	0
低碳	6	0
地域	6	0
地质	6	0
动态	6	0
动听	6	0
渡	6	0
对称	6	0
对接	6	0
夺	6	0
多媒体	6	0
夺取	6	0
儿科	6	0
发病	6	0
法定	6	0
发放	6	0
番	6	0
方方面面	6	0
访谈	6	0
方位	6	0
凡（是）	6	0
飞速	6	0
风光	6	0
风力	6	0
分工	6	0
分级	6	0
分期	6	0
幅度	6	0
肝	6	0
赶忙	6	0
高超	6	0
高等	6	0
稿件	6	0
高新技术	6	0
跟前	6	0
公安	6	0
巩固	6	0
共计	6	0
工序	6	0
沟	6	0
顾	6	0
古迹	6	0
棍	6	0
国产	6	0
国情	6	0
海内外	6	0
毫米	6	0
好容易	6	0
毫升	6	0
号召	6	0
合成	6	0
后期	6	0
欢乐	6	0
还原	6	0
滑行	6	0
汇	6	0
家常	6	0
家居	6	0
监测	6	0
鉴定	6	0
监督	6	0
奖牌	6	0
间接	6	0
简介	6	0
健全	6	0
艰辛	6	0
焦点	6	0
加重	6	0
基地	6	0
接连	6	0
节能	6	0
解说	6	0
结尾	6	0
借助	6	0
激发	6	0
季军	6	0
进而	6	0
净	6	0
井	6	0
颈椎	6	0
近视	6	0
纠纷	6	0
救灾	6	0
机遇	6	0
机制	6	0
局	6	0
开创	6	0
考察	6	0
考古	6	0
科普	6	0
口号	6	0
口腔	6	0
口头	6	0
朗读	6	0
兰花	6	0
劳动力	6	0
雷	6	0
类别	6	0
粒	6	0
两极	6	0
链接	6	0
料	6	0
理财	6	0
历经	6	0
淋	6	0
历年	6	0
流动	6	0
流通	6	0
露	6	0
楼道	6	0
率	6	0
路况	6	0
美观	6	0
梅花	6	0
密	6	0
免税	6	0
妙	6	0
民歌	6	0
民俗	6	0
民宿	6	0
内涵	6	0
内外	6	0
年终	6	0
农产品	6	0
配套	6	0
陪同	6	0
喷	6	0
披	6	0
漂	6	0
品尝	6	0
评选	6	0
坡	6	0
牵	6	0
千家万户	6	0
前期	6	0
前提	6	0
恰恰	6	0
其间	6	0
青春期	6	0
亲属	6	0
启事	6	0
求职	6	0
券	6	0
确立	6	0
人工智能	6	0
热线	6	0
热议	6	0
日后	6	0
赛事	6	0
扫描	6	0
商标	6	0
上述	6	0
伤亡	6	0
上旬	6	0
伤员	6	0
少儿	6	0
生命力	6	0
升学	6	0
摄像	6	0
识	6	0
拾	6	0
湿度	6	0
事后	6	0
实时	6	0
适宜	6	0
首要	6	0
竖	6	0
率领	6	0
率先	6	0
书面	6	0
输送	6	0
数字化	6	0
损伤	6	0
汤圆	6	0
掏	6	0
田径	6	0
跳水	6	0
贴近	6	0
通风	6	0
通信	6	0
团圆	6	0
图表	6	0
徒弟	6	0
退税	6	0
推销	6	0
托运	6	0
外界	6	0
外来	6	0
未成年人	6	0
违规	6	0
为期	6	0
委托	6	0
污水	6	0
下功夫	6	0
下单	6	0
夏令营	6	0
显	6	0
消防	6	0
小偷儿	6	0
效应	6	0
下旬	6	0
兴起	6	0
新媒体	6	0
新能源	6	0
喜事	6	0
选修	6	0
血管	6	0
亚军	6	0
严	6	0
淹	6	0
仰	6	0
养老	6	0
炎症	6	0
野	6	0
姨	6	0
益处	6	0
引入	6	0
医药	6	0
一一	6	0
用人	6	0
涌现	6	0
勇于	6	0
由来	6	0
游人	6	0
有序	6	0
远程	6	0
原理	6	0
园林	6	0
原先	6	0
乐曲	6	0
羽绒服	6	0
灾	6	0
噪声	6	0
造型	6	0
占比	6	0
章	6	0
崭新	6	0
招生	6	0
针	6	0
支撑	6	0
制品	6	0
职务	6	0
中等	6	0
周期	6	0
株	6	0
砖	6	0
转交	6	0
专科	6	0
专利	6	0
转让	6	0
专题	6	0
主办	6	0
主播	6	0
主导	6	0
诸多	6	0
自律	6	0
总计	6	0
都会	7	159
真是	7	148
说谎	7	66
吉他	7	61
收音机	7	52
俗话	7	51
行星	7	49
宁愿	7	45
撒谎	7	39
而已	7	37
盯	7	32
祖父	7	32
联络	7	31
海滩	7	30
乐意	7	30
穿着	7	29
假装	7	28
若	7	28
愚蠢	7	28
并非	7	27
但愿	7	27
卡车	7	27
一头	7	27
癌症	7	26
狐狸	7	26
缺席	7	26
无辜	7	26
嫉妒	7	25
祖母	7	25
介意	7	24
野餐	7	24
监狱	7	23
借口	7	23
贫穷	7	23
且	7	23
硬币	7	23
以至于	7	23
宇宙	7	23
不准	7	22
测验	7	22
非	7	22
粉丝	7	22
农场	7	22
傻瓜	7	22
提议	7	22
委员会	7	22
设法	7	21
卫星	7	21
位子	7	21
小提琴	7	21
学业	7	21
厌倦	7	21
一无所知	7	21
指望	7	21
忠告	7	21
抽屉	7	20
逮捕	7	20
解雇	7	20
宗教	7	20
按钮	7	19
笨蛋	7	19
发誓	7	19
困惑	7	19
蜡烛	7	19
别说	7	18
恶化	7	18
鬼	7	18
谎言	7	18
家伙	7	18
祈祷	7	18
嗜好	7	18
所谓	7	18
特质	7	18
吻	7	18
无论如何	7	18
演说	7	18
谣言	7	18
池塘	7	17
地毯	7	17
孤单	7	17
懒惰	7	17
屁股	7	17
确信	7	17
绳子	7	17
绅士	7	17
羞耻	7	17
单身	7	16
蜂蜜	7	16
皆	7	16
领袖	7	16
奶酪	7	16
难以置信	7	16
沙滩	7	16
玩耍	7	16
微微	7	16
注定	7	16
拜托	7	15
不见得	7	15
苍白	7	15
窗帘	7	15
出卖	7	15
地板	7	15
冷气	7	15
鹿	7	15
毯子	7	15
天赋	7	15
天花板	7	15
炸弹	7	15
真理	7	15
钟	7	15
自私	7	15
罢工	7	14
保守	7	14
风暴	7	14
谎话	7	14
即	7	14
开除	7	14
流逝	7	14
取笑	7	14
视线	7	14
双胞胎	7	14
素食	7	14
温习	7	14
蚊子	7	14
舞	7	14
选举	7	14
厌烦	7	14
诱惑	7	14
装置	7	14
崩溃	7	13
犯罪	7	13
发型	7	13
哼	7	13
可疑	7	13
脸颊	7	13
灵魂	7	13
诺言	7	13
扑克	7	13
歧视	7	13
失踪	7	13
逃避	7	13
天生	7	13
务必	7	13
瞎	7	13
乡下	7	13
要好	7	13
应	7	13
引擎	7	13
制服	7	13
苍蝇	7	12
蠢	7	12
反驳	7	12
分辨	7	12
海盗	7	12
架子	7	12
栏杆	7	12
猎人	7	12
魔法	7	12
难怪	7	12
宁可	7	12
迫不及待	7	12
惹	7	12
天使	7	12
听从	7	12
往常	7	12
无知	7	12
陷阱	7	12
牺牲	7	12
一面	7	12
隐瞒	7	12
友善	7	12
折叠	7	12
震惊	7	12
指控	7	12
罢了	7	11
背叛	7	11
干涉	7	11
歌剧	7	11
回应	7	11
家族	7	11
跨	7	11
灵感	7	11
轮胎	7	11
露营	7	11
岂有此理	7	11
胜任	7	11
投降	7	11
永恒	7	11
支援	7	11
绑架	7	10
保密	7	10
辫子	7	10
摧毁	7	10
粗鲁	7	10
大陆	7	10
分成	7	10
雇	7	10
孤儿	7	10
海豚	7	10
尽早	7	10
沮丧	7	10
恐怖	7	10
口气	7	10
哭泣	7	10
流血	7	10
明智	7	10
魔鬼	7	10
奴隶	7	10
抛弃	7	10
烹饪	7	10
拼命	7	10
侵犯	7	10
企图	7	10
囚犯	7	10
忍耐	7	10
梯子	7	10
望远镜	7	10
违背	7	10
物种	7	10
享有	7	10
星球	7	10
信仰	7	10
喜糖	7	10
靴子	7	10
寻常	7	10
虚弱	7	10
眼神	7	10
掩饰	7	10
厌恶	7	10
英俊	7	10
运作	7	10
责备	7	10
征服	7	10
指甲	7	10
钻石	7	10
傲慢	7	9
把手	7	9
不下	7	9
唱片	7	9
传闻	7	9
胆小鬼	7	9
倒塌	7	9
岛屿	7	9
低估	7	9
丢脸	7	9
地狱	7	9
额外	7	9
阁楼	7	9
更改	7	9
辜负	7	9
教科书	7	9
竞选	7	9
迹象	7	9
倔	7	9
可不是	7	9
可笑	7	9
料理	7	9
马桶	7	9
美德	7	9
灭绝	7	9
名声	7	9
疲惫	7	9
强盗	7	9
抢劫	7	9
欺负	7	9
确切	7	9
上司	7	9
稍后	7	9
手帕	7	9
无关紧要	7	9
吓人	7	9
袭击	7	9
性感	7	9
养活	7	9
岩石	7	9
预言	7	9
正当	7	9
支票	7	9
治愈	7	9
忠实	7	9
案件	7	8
磅	7	8
被告	7	8
草坪	7	8
当心	7	8
地步	7	8
订阅	7	8
鳄鱼	7	8
锋利	7	8
怪物	7	8
柜台	7	8
喉咙	7	8
煎	7	8
坚果	7	8
结局	7	8
君子	7	8
口香糖	7	8
理所当然	7	8
乱七八糟	7	8
脉搏	7	8
盲目	7	8
溺水	7	8
奇妙	7	8
情报	7	8
清单	7	8
旗袍	7	8
屈服	7	8
人造	7	8
容忍	7	8
荣幸	7	8
尚未	7	8
盛开	7	8
是非	7	8
失明	7	8
天堂	7	8
统治	7	8
涂	7	8
万能	7	8
问候	7	8
蚊帐	7	8
勿	7	8
泄露	7	8
幸好	7	8
信件	7	8
喜悦	7	8
意图	7	8
愈	7	8
运转	7	8
葬礼	7	8
沾	7	8
致命	7	8
直线	7	8
滋味	7	8
资讯	7	8
综艺	7	8
绑	7	7
辨别	7	7
辩论	7	7
边缘	7	7
不算	7	7
不可或缺	7	7
猜想	7	7
沉浸	7	7
穿越	7	7
打喷嚏	7	7
点子	7	7
雕像	7	7
赌	7	7
赌博	7	7
飞翔	7	7
疯子	7	7
告知	7	7
鸽子	7	7
古怪	7	7
过量	7	7
过头	7	7
航行	7	7
好心	7	7
恒星	7	7
核桃	7	7
荒谬	7	7
尽头	7	7
基于	7	7
举止	7	7
口音	7	7
猎物	7	7
礼服	7	7
灵敏	7	7
理智	7	7
冒犯	7	7
魔术	7	7
目睹	7	7
宁静	7	7
情愿	7	7
劝告	7	7
赛跑	7	7
筛	7	7
神圣	7	7
失礼	7	7
示意	7	7
寺庙	7	7
送行	7	7
同志	7	7
脱离	7	7
外星人	7	7
无情	7	7
小人	7	7
小心翼翼	7	7
膝盖	7	7
新生	7	7
新手	7	7
心意	7	7
虚构	7	7
摇篮	7	7
要命	7	7
应付	7	7
油漆	7	7
乐队	7	7
与众不同	7	7
砸	7	7
整洁	7	7
真心	7	7
致力于	7	7
走向	7	7
嘴唇	7	7
作弊	7	7
安心	7	6
报酬	7	6
报仇	7	6
保养	7	6
本意	7	6
边境	7	6
伯伯	7	6
不知不觉	7	6
残忍	7	6
插图	7	6
澄清	7	6
迟早	7	6
丑闻	7	6
纯粹	7	6
粗糙	7	6
淡水	7	6
丁	7	6
订购	7	6
短暂	7	6
毒品	7	6
发呆	7	6
发抖	7	6
肥皂	7	6
风筝	7	6
坟墓	7	6
抚养	7	6
好意	7	6
哄	7	6
候选人	7	6
环绕	7	6
浑身	7	6
间谍	7	6
借用	7	6
警报	7	6
进攻	7	6
记性	7	6
可观	7	6
恐龙	7	6
宽敞	7	6
老人家	7	6
冷漠	7	6
领土	7	6
没完没了	7	6
蒙	7	6
苗条	7	6
弥漫	7	6
敏锐	7	6
迷信	7	6
攀登	7	6
碰巧	7	6
偏见	7	6
器具	7	6
起码	7	6
任命	7	6
容纳	7	6
丧生	7	6
山谷	7	6
少女	7	6
水龙头	7	6
水准	7	6
丝绸	7	6
私下	7	6
松树	7	6
隧道	7	6
所在	7	6
所作所为	7	6
特权	7	6
剃	7	6
天地	7	6
挑剔	7	6
体贴	7	6
伪装	7	6
温度计	7	6
无话可说	7	6
无家可归	7	6
无能为力	7	6
无所事事	7	6
乌云	7	6
宪法	7	6
星系	7	6
凶手	7	6
炫耀	7	6
虚假	7	6
延误	7	6
燕子	7	6
邀	7	6
一连	7	6
一连串	7	6
鹰	7	6
优雅	7	6
忧郁	7	6
幼稚	7	6
缘故	7	6
熨	7	6
占领	7	6
折磨	7	6
正直	7	6
正宗	7	6
直升机	7	6
指向	7	6
终生	7	6
准许	7	6
遵循	7	6
拌	7	5
颁发	7	5
包容	7	5
包围	7	5
贝壳	7	5
绷带	7	5
必不可少	7	5
冰雹	7	5
财政	7	5
颤抖	7	5
敞开	7	5
插手	7	5
吹牛	7	5
处境	7	5
戳	7	5
出身	7	5
粗心大意	7	5
盗版	7	5
得罪	7	5
电台	7	5
帝国	7	5
豆子	7	5
发火	7	5
放过	7	5
法庭	7	5
废话	7	5
沸腾	7	5
疯	7	5
浮现	7	5
根源	7	5
光滑	7	5
光芒	7	5
果断	7	5
固执	7	5
海报	7	5
海啸	7	5
花瓣	7	5
毁灭	7	5
湖泊	7	5
见解	7	5
坚信	7	5
嚼	7	5
接手	7	5
解脱	7	5
境内	7	5
即时	7	5
极限	7	5
均	7	5
开支	7	5
抗议	7	5
拉链	7	5
懒得	7	5
累积	7	5
凉爽	7	5
流畅	7	5
垄断	7	5
露面	7	5
麻	7	5
瞒	7	5
埋怨	7	5
美妙	7	5
煤气	7	5
谜	7	5
谜团	7	5
抹	7	5
乃	7	5
拿手	7	5
判决	7	5
偏	7	5
漂浮	7	5
皮革	7	5
评判	7	5
钱财	7	5
签署	7	5
谦逊	7	5
巧合	7	5
乞丐	7	5
情侣	7	5
情人	7	5
轻微	7	5
庆幸	7	5
钦佩	7	5
气息	7	5
权威	7	5
荣耀	7	5
若是	7	5
杀害	7	5
伤脑筋	7	5
上空	7	5
山脉	7	5
烧毁	7	5
声称	7	5
声誉	7	5
失传	7	5
世间	7	5
时髦	7	5
使命	7	5
手掌	7	5
甩	7	5
树干	7	5
疏忽	7	5
税收	7	5
丝	7	5
丝毫	7	5
思绪	7	5
随心所欲	7	5
踏	7	5
糖尿病	7	5
舔	7	5
天分	7	5
田野	7	5
铁	7	5
脱落	7	5
妥协	7	5
外号	7	5
微波炉	7	5
畏惧	7	5
显微镜	7	5
小费	7	5
小看	7	5
消遣	7	5
泄漏	7	5
幸存	7	5
夕阳	7	5
虚伪	7	5
摇晃	7	5
矣	7	5
遗留	7	5
引用	7	5
一手	7	5
意愿	7	5
遗嘱	7	5
永久	7	5
忧愁	7	5
有意	7	5
舆论	7	5
造就	7	5
早日	7	5
战士	7	5
战役	7	5
占用	7	5
蒸	7	5
争辩	7	5
正经	7	5
拯救	7	5
指令	7	5
皱纹	7	5
卓越	7	5
子弹	7	5
总和	7	5
罪犯	7	5
尊严	7	5
爱慕	7	4
艾滋病	7	4
奥秘	7	4
拔	7	4
报	7	4
宝石	7	4
卑鄙	7	4
悲痛	7	4
边界	7	4
标签	7	4
必定	7	4
鄙视	7	4
拨	7	4
不予	7	4
步伐	7	4
捕捉	7	4
产物	7	4
扯	7	4
撤离	7	4
呈	7	4
成天	7	4
沉闷	7	4
赤字	7	4
冲浪	7	4
丑陋	7	4
储备	7	4
触犯	7	4
出神	7	4
磁带	7	4
丛林	7	4
存活	7	4
打赌	7	4
倒霉	7	4
倒数	7	4
大意	7	4
瞪	7	4
登陆	7	4
灯泡	7	4
叼	7	4
丢人	7	4
懂事	7	4
董事会	7	4
洞穴	7	4
逗留	7	4
独身	7	4
鹅	7	4
恶意	7	4
帆船	7	4
反抗	7	4
繁体字	7	4
发芽	7	4
发作	7	4
非法	7	4
废物	7	4
废墟	7	4
负	7	4
腐烂	7	4
腐蚀	7	4
服务器	7	4
复原	7	4
钢铁	7	4
共和国	7	4
公式	7	4
挂钩	7	4
拐杖	7	4
光荣	7	4
罐头	7	4
古董	7	4
贵族	7	4
过错	7	4
国民	7	4
固有	7	4
海绵	7	4
耗费	7	4
核对	7	4
黑客	7	4
花卉	7	4
皇后	7	4
荒唐	7	4
会面	7	4
混淆	7	4
火箭	7	4
火山	7	4
火腿	7	4
胡说	7	4
驾	7	4
简洁	7	4
见识	7	4
狡猾	7	4
夹子	7	4
竭尽全力	7	4
揭露	7	4
计较	7	4
急剧	7	4
经	7	4
惊吓	7	4
尽情	7	4
卷入	7	4
鞠躬	7	4
局势	7	4
开朗	7	4
扛	7	4
可耻	7	4
客房	7	4
可恶	7	4
狂	7	4
扩散	7	4
来访	7	4
来回	7	4
滥用	7	4
劳驾	7	4
灵	7	4
聋	7	4
埋葬	7	4
闷热	7	4
免得	7	4
瞄准	7	4
灭亡	7	4
蘑菇	7	4
念头	7	4
逆境	7	4
泥土	7	4
烹调	7	4
平行	7	4
迫害	7	4
破裂	7	4
强项	7	4
强制	7	4
潜水	7	4
恰巧	7	4
漆黑	7	4
旗帜	7	4
全心全意	7	4
取材	7	4
取胜	7	4
让步	7	4
饶	7	4
仁慈	7	4
人情	7	4
人权	7	4
融洽	7	4
嗓音	7	4
骚扰	7	4
闪烁	7	4
杀手	7	4
设定	7	4
声明	7	4
生涯	7	4
神情	7	4
伸手	7	4
神仙	7	4
身子	7	4
时节	7	4
尸体	7	4
收据	7	4
首饰	7	4
收养	7	4
耍	7	4
衰退	7	4
梳子	7	4
素	7	4
算盘	7	4
算数	7	4
坦白	7	4
堂	7	4
贪婪	7	4
探望	7	4
探险	7	4
跳动	7	4
挑衅	7	4
推翻	7	4
推移	7	4
托	7	4
妥当	7	4
外行	7	4
旺季	7	4
晚年	7	4
玩意儿	7	4
为人	7	4
文	7	4
无从	7	4
无济于事	7	4
无忧无虑	7	4
物资	7	4
下跌	7	4
显而易见	7	4
香料	7	4
享用	7	4
消磨	7	4
吸毒	7	4
熄灭	7	4
须	7	4
悬崖	7	4
烟囱	7	4
演技	7	4
言论	7	4
压抑	7	4
硬盘	7	4
阴影	7	4
遗失	7	4
一塌糊涂	7	4
遗忘	7	4
意味	7	4
一行	7	4
抑郁	7	4
意志	7	4
有朝一日	7	4
援助	7	4
预感	7	4
预示	7	4
预算	7	4
赞助	7	4
贼	7	4
增添	7	4
债务	7	4
斩钉截铁	7	4
帐篷	7	4
长相	7	4
着迷	7	4
争执	7	4
侦探	7	4
知识分子	7	4
终究	7	4
衷心	7	4
忠于	7	4
专辑	7	4
追赶	7	4
追捧	7	4
着想	7	4
蛀牙	7	4
字迹	7	4
资助	7	4
总而言之	7	4
踪迹	7	4
揍	7	4
奏效	7	4
罪魁祸首	7	4
作战	7	4
组装	7	4
爱惜	7	3
安抚	7	3
暗中	7	3
百科全书	7	3
斑马线	7	3
版权	7	3
半途而废	7	3
伴奏	7	3
剥	7	3
饱满	7	3
保卫	7	3
保佑	7	3
悲惨	7	3
本事	7	3
编程	7	3
编织	7	3
标示	7	3
别看	7	3
并列	7	3
濒临	7	3
剥夺	7	3
不亦乐乎	7	3
不知所措	7	3
补助	7	3
残酷	7	3
惭愧	7	3
操控	7	3
沉睡	7	3
赤道	7	3
充斥	7	3
充裕	7	3
瞅	7	3
喘	7	3
传言	7	3
触动	7	3
处方	7	3
垂	7	3
纯洁	7	3
初衷	7	3
辞典	7	3
辞退	7	3
粗暴	7	3
错觉	7	3
大不了	7	3
搭乘	7	3
代理人	7	3
歹徒	7	3
耽搁	7	3
当真	7	3
盗窃	7	3
大片	7	3
打消	7	3
凳子	7	3
垫子	7	3
低调	7	3
叠	7	3
爹	7	3
定居	7	3
钉子	7	3
动身	7	3
董事长	7	3
段落	7	3
对岸	7	3
对付	7	3
多年来	7	3
堕落	7	3
独一无二	7	3
恶	7	3
恶作剧	7	3
犯规	7	3
泛滥	7	3
贩卖	7	3
发怒	7	3
翻新	7	3
烦躁	7	3
发射	7	3
发泄	7	3
发言人	7	3
法则	7	3
废	7	3
非得	7	3
非凡	7	3
费劲	7	3
分担	7	3
分发	7	3
分明	7	3
分歧	7	3
粉碎	7	3
富含	7	3
肤浅	7	3
服饰	7	3
复苏	7	3
富足	7	3
副作用	7	3
改动	7	3
改良	7	3
感恩	7	3
高潮	7	3
告诫	7	3
告示	7	3
高血压	7	3
高压	7	3
高涨	7	3
疙瘩	7	3
更衣室	7	3
工会	7	3
构建	7	3
观测	7	3
光盘	7	3
挂念	7	3
瓜子	7	3
诡计	7	3
过失	7	3
固然	7	3
雇佣	7	3
海运	7	3
好比	7	3
豪华	7	3
核	7	3
和好	7	3
和解	7	3
合约	7	3
吼	7	3
怀抱	7	3
晃	7	3
皇宫	7	3
黄昏	7	3
皇室	7	3
幻觉	7	3
华人	7	3
话语	7	3
辉煌	7	3
忽冷忽热	7	3
或多或少	7	3
火花	7	3
活期	7	3
糊涂	7	3
继	7	3
溅	7	3
简称	7	3
简短	7	3
奖项	7	3
坚韧	7	3
简体字	7	3
搅	7	3
焦急	7	3
侥幸	7	3
戒	7	3
解除	7	3
截然不同	7	3
揭示	7	3
集会	7	3
寂静	7	3
即可	7	3
吉利	7	3
机密	7	3
继母	7	3
进程	7	3
竟	7	3
精	7	3
鲸	7	3
井底之蛙	7	3
警戒	7	3
经受	7	3
警惕	7	3
敬意	7	3
晋升	7	3
激起	7	3
祭祀	7	3
记忆犹新	7	3
倔强	7	3
均衡	7	3
剧情	7	3
开动	7	3
砍伐	7	3
卡通	7	3
壳	7	3
刻苦	7	3
恳求	7	3
克制	7	3
控告	7	3
恐慌	7	3
跨国	7	3
框架	7	3
苦难	7	3
苦恼	7	3
困境	7	3
括号	7	3
哭笑不得	7	3
冷却	7	3
廉价	7	3
联赛	7	3
理会	7	3
礼节	7	3
利率	7	3
黎明	7	3
吝啬	7	3
礼堂	7	3
流露	7	3
留意	7	3
礼仪	7	3
笼罩	7	3
笼子	7	3
鲁莽	7	3
论证	7	3
萝卜	7	3
裸体	7	3
马力	7	3
美中不足	7	3
闷	7	3
猛	7	3
名誉	7	3
迷失	7	3
没收	7	3
墨水	7	3
谋生	7	3
目瞪口呆	7	3
木匠	7	3
挠	7	3
脑海	7	3
嫩	7	3
年轮	7	3
匿名	7	3
纽扣	7	3
浓郁	7	3
虐待	7	3
呕吐	7	3
偏爱	7	3
平日	7	3
平息	7	3
瀑布	7	3
潜入	7	3
迁徙	7	3
翘	7	3
憔悴	7	3
切除	7	3
气流	7	3
轻而易举	7	3
情调	7	3
轻视	7	3
请帖	7	3
亲手	7	3
期盼	7	3
气色	7	3
奇特	7	3
拳头	7	3
圈子	7	3
取暖	7	3
人性	7	3
任意	7	3
人质	7	3
日程	7	3
容貌	7	3
柔和	7	3
入手	7	3
如愿以偿	7	3
散落	7	3
扫帚	7	3
上映	7	3
善意	7	3
设	7	3
奢侈	7	3
社会主义	7	3
社交	7	3
审查	7	3
盛产	7	3
胜出	7	3
声望	7	3
生效	7	3
审视	7	3
社团	7	3
时段	7	3
失控	7	3
世人	7	3
逝世	7	3
失事	7	3
施压	7	3
视野	7	3
首府	7	3
手脚	7	3
受苦	7	3
受骗	7	3
手腕	7	3
授予	7	3
爽快	7	3
数额	7	3
水落石出	7	3
撕	7	3
搜查	7	3
搜寻	7	3
瘫痪	7	3
天鹅	7	3
甜美	7	3
天性	7	3
条约	7	3
通货膨胀	7	3
通通	7	3
通宵	7	3
徒劳	7	3
脱颖而出	7	3
顽固	7	3
微不足道	7	3
危急	7	3
微妙	7	3
微弱	7	3
萎缩	7	3
唯有	7	3
稳固	7	3
文凭	7	3
温馨	7	3
窝	7	3
无不	7	3
无耻	7	3
无故	7	3
无赖	7	3
物美价廉	7	3
侮辱	7	3
无须	7	3
无意	7	3
吓唬	7	3
下滑	7	3
向来	7	3
相识	7	3
相遇	7	3
削	7	3
邪恶	7	3
性命	7	3
猩猩	7	3
细腻	7	3
信誉	7	3
凶	7	3
嗅觉	7	3
稀有	7	3
宣誓	7	3
掩盖	7	3
烟火	7	3
严峻	7	3
言行	7	3
要紧	7	3
野心	7	3
亦	7	3
议程	7	3
一干二净	7	3
毅力	7	3
意料	7	3
疫苗	7	3
盈利	7	3
英勇	7	3
营造	7	3
因人而异	7	3
音响	7	3
遗弃	7	3
一言不发	7	3
油画	7	3
忧虑	7	3
诱人	7	3
悠闲	7	3
游行	7	3
犹豫不决	7	3
渔船	7	3
曰	7	3
悦耳	7	3
越过	7	3
阅历	7	3
赞美	7	3
赞扬	7	3
责怪	7	3
债	7	3
蘸	7	3
诈骗	7	3
眨眼	7	3
震动	7	3
挣扎	7	3
诊所	7	3
致富	7	3
之际	7	3
指纹	7	3
知足	7	3
终结	7	3
驻	7	3
拄	7	3
幢	7	3
壮	7	3
撞击	7	3
转化	7	3
住处	7	3
坠落	7	3
追踪	7	3
着手	7	3
注释	7	3
柱子	7	3
自卑	7	3
自称	7	3
自然界	7	3
自卫	7	3
自行	7	3
自以为是	7	3
自在	7	3
作物	7	3
挨	7	2
爱戴	7	2
暧昧	7	2
安详	7	2
安逸	7	2
扒	7	2
八成	7	2
掰	7	2
百合	7	2
芭蕾	7	2
半岛	7	2
斑点	7	2
办事处	7	2
报复	7	2
报销	7	2
包扎	7	2
宝藏	7	2
暴躁	7	2
保重	7	2
背诵	7	2
笨重	7	2
笨拙	7	2
变故	7	2
辩护	7	2
变迁	7	2
变通	7	2
变形	7	2
编造	7	2
标榜	7	2
标识	7	2
笔墨	7	2
濒危	7	2
避暑	7	2
波动	7	2
搏斗	7	2
伯父	7	2
波浪	7	2
不辞而别	7	2
不得而知	7	2
布局	7	2
不妙	7	2
不容	7	2
部首	7	2
不惜	7	2
不亚于	7	2
不由得	7	2
不由自主	7	2
裁缝	7	2
才干	7	2
菜肴	7	2
藏身	7	2
灿烂	7	2
草率	7	2
操心	7	2
嘈杂	7	2
察觉	7	2
偿还	7	2
钞票	7	2
插嘴	7	2
沉甸甸	7	2
秤	7	2
诚挚	7	2
沉迷	7	2
陈述	7	2
沉思	7	2
彻夜	7	2
持	7	2
吃亏	7	2
吃力	7	2
痴迷	7	2
迟疑	7	2
冲刺	7	2
稠	7	2
仇恨	7	2
筹划	7	2
创始人	7	2
穿梭	7	2
触摸	7	2
处置	7	2
辞	7	2
慈善	7	2
磁铁	7	2
催促	7	2
粗略	7	2
打岔	7	2
搭档	7	2
打倒	7	2
打搅	7	2
大惊小怪	7	2
大局	7	2
打猎	7	2
党	7	2
档次	7	2
道别	7	2
稻草	7	2
到头来	7	2
大数据	7	2
大为	7	2
得当	7	2
得体	7	2
点火	7	2
电线	7	2
雕	7	2
低落	7	2
顶级	7	2
顶尖	7	2
定律	7	2
定论	7	2
地势	7	2
丢弃	7	2
东张西望	7	2
兜	7	2
断定	7	2
断章取义	7	2
对得起	7	2
兑换	7	2
堵塞	7	2
耳光	7	2
发财	7	2
发觉	7	2
发掘	7	2
反常	7	2
反感	7	2
防火墙	7	2
放映	7	2
放置	7	2
发热	7	2
飞船	7	2
飞碟	7	2
分寸	7	2
吩咐	7	2
讽刺	7	2
分割	7	2
凤凰	7	2
封面	7	2
粉末	7	2
佛	7	2
否决	7	2
腹	7	2
腐败	7	2
附和	7	2
抚摸	7	2
富翁	7	2
干枯	7	2
高傲	7	2
告辞	7	2
高贵	7	2
高空	7	2
高雅	7	2
格式	7	2
弓	7	2
供	7	2
宫殿	7	2
工匠	7	2
构思	7	2
故	7	2
光顾	7	2
关节	7	2
管用	7	2
关照	7	2
骨骼	7	2
龟	7	2
桂花	7	2
归来	7	2
归于	7	2
顾及	7	2
过瘾	7	2
谷物	7	2
雇员	7	2
骨折	7	2
海滨	7	2
海军	7	2
浩瀚	7	2
和蔼	7	2
核电站	7	2
核能	7	2
核武器	7	2
红润	7	2
红薯	7	2
后备箱	7	2
画龙点睛	7	2
慌	7	2
慌张	7	2
欢呼	7	2
唤醒	7	2
化身	7	2
划算	7	2
会场	7	2
回归	7	2
毁坏	7	2
会谈	7	2
回想	7	2
呼救	7	2
护理	7	2
胡乱	7	2
活该	7	2
火焰	7	2
呼吁	7	2
假定	7	2
煎熬	7	2
间断	7	2
姜	7	2
奖杯	7	2
僵局	7	2
降临	7	2
兼顾	7	2
艰巨	7	2
尖锐	7	2
鉴赏	7	2
监视	7	2
践踏	7	2
间隙	7	2
见证	7	2
交叉	7	2
交代	7	2
交付	7	2
教养	7	2
郊游	7	2
家用	7	2
急促	7	2
极度	7	2
忌妒	7	2
戒备	7	2
阶级	7	2
捷径	7	2
解救	7	2
接纳	7	2
节气	7	2
解体	7	2
揭晓	7	2
激光	7	2
机灵	7	2
劲	7	2
紧凑	7	2
惊奇	7	2
精神病	7	2
精髓	7	2
敬畏	7	2
精英	7	2
静止	7	2
禁区	7	2
寄托	7	2
急性	7	2
急于	7	2
决议	7	2
聚精会神	7	2
咀嚼	7	2
军舰	7	2
巨人	7	2
举重	7	2
开明	7	2
开张	7	2
慷慨	7	2
看守	7	2
客机	7	2
刻意	7	2
空难	7	2
空虚	7	2
口罩	7	2
狂欢	7	2
宽容	7	2
宽松	7	2
款项	7	2
跨越	7	2
库存	7	2
苦尽甘来	7	2
扩建	7	2
枯萎	7	2
来龙去脉	7	2
揽	7	2
狼吞虎咽	7	2
唠叨	7	2
牢固	7	2
老化	7	2
牢记	7	2
劳累	7	2
牢骚	7	2
雷达	7	2
累赘	7	2
愣	7	2
冷冻	7	2
冷战	7	2
连同	7	2
连夜	7	2
帘子	7	2
疗法	7	2
里程碑	7	2
裂缝	7	2
立法	7	2
立方	7	2
历来	7	2
领会	7	2
领事馆	7	2
聆听	7	2
临近	7	2
礼品	7	2
离奇	7	2
遛	7	2
溜	7	2
流浪	7	2
留神	7	2
龙头	7	2
隆重	7	2
绿地	7	2
露天	7	2
绿洲	7	2
码	7	2
埋伏	7	2
蔓延	7	2
冒充	7	2
没劲	7	2
门槛	7	2
棉花	7	2
迷惑	7	2
名义	7	2
敏捷	7	2
磨	7	2
摩擦	7	2
莫名其妙	7	2
磨损	7	2
摸索	7	2
牧场	7	2
木偶	7	2
沐浴	7	2
耐用	7	2
难处	7	2
南瓜	7	2
难关	7	2
内存	7	2
内行	7	2
内向	7	2
内在	7	2
黏	7	2
年画	7	2
尿	7	2
凝固	7	2
凝视	7	2
泥泞	7	2
扭曲	7	2
扭转	7	2
农历	7	2
女婿	7	2
殴打	7	2
判	7	2
判定	7	2
胖乎乎	7	2
攀升	7	2
配方	7	2
碰钉子	7	2
膨胀	7	2
偏离	7	2
偏远	7	2
匹配	7	2
颇	7	2
破旧	7	2
破例	7	2
破碎	7	2
谱	7	2
铺路	7	2
漆	7	2
前程	7	2
腔	7	2
强加	7	2
强劲	7	2
前台	7	2
歉意	7	2
谴责	7	2
洽谈	7	2
起步	7	2
起伏	7	2
凄凉	7	2
气馁	7	2
情不自禁	7	2
清除	7	2
情结	7	2
青睐	7	2
情谊	7	2
气势	7	2
起诉	7	2
气压	7	2
契约	7	2
拳击	7	2
全力以赴	7	2
驱动	7	2
去向	7	2
热泪盈眶	7	2
人格	7	2
人间	7	2
任性	7	2
认证	7	2
热腾腾	7	2
容许	7	2
软弱	7	2
入场	7	2
入侵	7	2
善	7	2
上半场	7	2
上场	7	2
上限	7	2
上瘾	7	2
膳食	7	2
赡养	7	2
深奥	7	2
申报	7	2
牲畜	7	2
盛大	7	2
生命线	7	2
盛夏	7	2
盛行	7	2
生育	7	2
升值	7	2
审核	7	2
审理	7	2
呻吟	7	2
世代	7	2
时好时坏	7	2
实事求是	7	2
实体	7	2
事务所	7	2
时装	7	2
手册	7	2
守护	7	2
手枪	7	2
授权	7	2
收缩	7	2
手头	7	2
受益	7	2
手艺	7	2
梳	7	2
衰落	7	2
衰弱	7	2
拴	7	2
水汽	7	2
税务	7	2
数据库	7	2
顺畅	7	2
疏散	7	2
属性	7	2
搜救	7	2
酥	7	2
蒜	7	2
算计	7	2
随机	7	2
缩	7	2
索取	7	2
琐碎	7	2
诉讼	7	2
俗语	7	2
太平	7	2
探测	7	2
坦克	7	2
讨好	7	2
讨价还价	7	2
逃生	7	2
腾	7	2
天敌	7	2
天线	7	2
田园	7	2
贴切	7	2
替换	7	2
提及	7	2
提炼	7	2
体面	7	2
体质	7	2
同胞	7	2
同等	7	2
通红	7	2
通顺	7	2
统统	7	2
透彻	7	2
偷懒	7	2
投掷	7	2
凸	7	2
秃	7	2
团聚	7	2
徒步	7	2
推崇	7	2
脱口而出	7	2
屠杀	7	2
土生土长	7	2
瓦	7	2
外币	7	2
外貌	7	2
挖苦	7	2
万分	7	2
王国	7	2
往日	7	2
妄想	7	2
晚期	7	2
晚霞	7	2
唯	7	2
唯独	7	2
围墙	7	2
委婉	7	2
喂养	7	2
温差	7	2
文盲	7	2
温泉	7	2
温室	7	2
误导	7	2
无理	7	2
武力	7	2
武装	7	2
下场	7	2
下令	7	2
下落	7	2
弦	7	2
限定	7	2
镶	7	2
向导	7	2
响亮	7	2
镶嵌	7	2
相提并论	7	2
先天	7	2
线条	7	2
纤维	7	2
显眼	7	2
嫌疑	7	2
消沉	7	2
小丑	7	2
销毁	7	2
潇洒	7	2
肖像	7	2
狭小	7	2
狭窄	7	2
洗涤	7	2
邪	7	2
洗礼	7	2
薪酬	7	2
兴建	7	2
醒目	7	2
性情	7	2
姓氏	7	2
行政	7	2
兴致	7	2
星座	7	2
心事	7	2
心思	7	2
凶猛	7	2
雄伟	7	2
稀少	7	2
绣	7	2
羞愧	7	2
袖手旁观	7	2
旋律	7	2
选项	7	2
酗酒	7	2
虚拟	7	2
许愿	7	2
哑	7	2
演变	7	2
样本	7	2
养育	7	2
衍生	7	2
演习	7	2
药方	7	2
耀眼	7	2
野蛮	7	2
野兽	7	2
夜校	7	2
倚	7	2
一成不变	7	2
一度	7	2
一举	7	2
遗漏	7	2
阴暗	7	2
赢家	7	2
影像	7	2
营销	7	2
引人注目	7	2
隐约	7	2
一旁	7	2
衣裳	7	2
意想不到	7	2
异性	7	2
一心一意	7	2
异议	7	2
用意	7	2
有待	7	2
由衷	7	2
预备	7	2
余地	7	2
岳母	7	2
愈合	7	2
渔民	7	2
蕴含	7	2
运河	7	2
酝酿	7	2
孕育	7	2
与时俱进	7	2
预先	7	2
寓意	7	2
愉悦	7	2
预兆	7	2
再度	7	2
栽培	7	2
在所难免	7	2
造福	7	2
榨	7	2
战场	7	2
绽放	7	2
掌舵	7	2
站立	7	2
战略	7	2
照常	7	2
照射	7	2
照样	7	2
照耀	7	2
扎实	7	2
阵地	7	2
镇定	7	2
整顿	7	2
蒸发	7	2
政权	7	2
证人	7	2
争相	7	2
震撼	7	2
振兴	7	2
质地	7	2
知觉	7	2
指南	7	2
质朴	7	2
值钱	7	2
直视	7	2
指手画脚	7	2
志向	7	2
指引	7	2
旨在	7	2
直至	7	2
制止	7	2
知足常乐	7	2
忠诚	7	2
中立	7	2
中途	7	2
中止	7	2
终止	7	2
种族	7	2
皱	7	2
周密	7	2
转达	7	2
壮观	7	2
庄严	7	2
专栏	7	2
撰写	7	2
转折点	7	2
专职	7	2
著称	7	2
主打	7	2
追随	7	2
着眼	7	2
注射	7	2
自发	7	2
自立	7	2
自力更生	7	2
滋生	7	2
字体	7	2
自责	7	2
钻空子	7	2
爱不释手	7	1
挨家挨户	7	1
碍事	7	1
安定	7	1
安眠药	7	1
安宁	7	1
安稳	7	1
熬	7	1
傲	7	1
巴不得	7	1
八卦	7	1
拜会	7	1
柏树	7	1
伴	7	1
绊	7	1
半边天	7	1
半导体	7	1
半径	7	1
半数	7	1
报答	7	1
报废	7	1
包袱	7	1
曝光	7	1
包罗万象	7	1
保姆	7	1
备	7	1
悲哀	7	1
备份	7	1
悲欢离合	7	1
背面	7	1
奔	7	1
本钱	7	1
本性	7	1
扁	7	1
鞭策	7	1
贬低	7	1
变换	7	1
辩解	7	1
鞭炮	7	1
辨认	7	1
变异	7	1
贬值	7	1
标	7	1
标记	7	1
标语	7	1
别墅	7	1
碧绿	7	1
避难	7	1
彬彬有礼	7	1
缤纷	7	1
并肩	7	1
逼迫	7	1
毕生	7	1
鼻涕	7	1
逼真	7	1
驳回	7	1
伯母	7	1
博弈	7	1
波折	7	1
不当	7	1
不动产	7	1
不法	7	1
不妨	7	1
不服	7	1
补给	7	1
部件	7	1
不假思索	7	1
不解	7	1
不景气	7	1
补救	7	1
不堪	7	1
不可思议	7	1
不愧	7	1
不免	7	1
哺乳	7	1
捕食	7	1
不像话	7	1
不懈	7	1
不言而喻	7	1
哺育	7	1
采	7	1
裁决	7	1
财力	7	1
裁员	7	1
仓促	7	1
藏品	7	1
参见	7	1
残缺	7	1
草丛	7	1
蹭	7	1
差错	7	1
柴油	7	1
查明	7	1
馋	7	1
缠	7	1
铲	7	1
掺	7	1
常态	7	1
畅谈	7	1
倡议	7	1
产权	7	1
阐述	7	1
潮	7	1
嘲弄	7	1
车间	7	1
成家	7	1
成家立业	7	1
诚恳	7	1
成群结队	7	1
成型	7	1
承载	7	1
趁机	7	1
称心如意	7	1
迟迟	7	1
迟钝	7	1
吃喝玩乐	7	1
吃苦	7	1
耻辱	7	1
痴心	7	1
持之以恒	7	1
宠	7	1
充当	7	1
重叠	7	1
重返	7	1
崇高	7	1
憧憬	7	1
冲洗	7	1
重现	7	1
重组	7	1
抽签	7	1
锄	7	1
揣测	7	1
创	7	1
床位	7	1
川流不息	7	1
传奇	7	1
出丑	7	1
橱窗	7	1
出发点	7	1
出访	7	1
垂头丧气	7	1
矗立	7	1
出路	7	1
出面	7	1
醇厚	7	1
淳朴	7	1
出手	7	1
出台	7	1
出征	7	1
赐	7	1
刺骨	7	1
伺候	7	1
慈祥	7	1
次序	7	1
次要	7	1
葱	7	1
从容不迫	7	1
从头	7	1
凑	7	1
凑巧	7	1
翠绿	7	1
搓	7	1
错别字	7	1
错位	7	1
达标	7	1
大大咧咧	7	1
打发	7	1
大公无私	7	1
逮	7	1
带路	7	1
怠慢	7	1
代言	7	1
搭建	7	1
打捞	7	1
打量	7	1
打磨	7	1
单薄	7	1
担当	7	1
担负	7	1
当机立断	7	1
当日	7	1
当事人	7	1
当务之急	7	1
淡季	7	1
胆量	7	1
胆怯	7	1
倒退	7	1
到位	7	1
大气	7	1
大体	7	1
大同小异	7	1
得力	7	1
登场	7	1
垫	7	1
颠簸	7	1
典范	7	1
巅峰	7	1
颠覆	7	1
掉队	7	1
雕刻	7	1
刁难	7	1
雕塑	7	1
掉头	7	1
凋谢	7	1
堤坝	7	1
地带	7	1
抵挡	7	1
地段	7	1
碟	7	1
迭起	7	1
提防	7	1
嘀咕	7	1
钉	7	1
定心丸	7	1
叮嘱	7	1
敌视	7	1
抵御	7	1
笛子	7	1
动不动	7	1
动荡	7	1
冻结	7	1
动静	7	1
动脉	7	1
动摇	7	1
陡	7	1
陡峭	7	1
斗志	7	1
独	7	1
断断续续	7	1
断裂	7	1
端正	7	1
督促	7	1
堆积	7	1
对牛弹琴	7	1
堆砌	7	1
对峙	7	1
杜绝	7	1
炖	7	1
敦促	7	1
夺魁	7	1
恩情	7	1
恶性	7	1
厄运	7	1
遏制	7	1
发酵	7	1
范畴	7	1
繁多	7	1
翻番	7	1
防盗	7	1
防范	7	1
放射	7	1
放肆	7	1
防卫	7	1
方向盘	7	1
防御	7	1
反面	7	1
反弹	7	1
饭碗	7	1
反问	7	1
诽谤	7	1
废除	7	1
费力	7	1
肥料	7	1
废弃	7	1
坟	7	1
芬芳	7	1
缝	7	1
丰满	7	1
风情	7	1
丰盛	7	1
封锁	7	1
风味	7	1
风云	7	1
风雨无阻	7	1
分解	7	1
分量	7	1
分裂	7	1
焚烧	7	1
分外	7	1
分支	7	1
附	7	1
赴	7	1
复查	7	1
附带	7	1
复合	7	1
复活	7	1
附加	7	1
富强	7	1
附属	7	1
复兴	7	1
腐朽	7	1
改邪归正	7	1
改装	7	1
港	7	1
感叹	7	1
甘心	7	1
干预	7	1
搁	7	1
隔阂	7	1
隔离	7	1
耕地	7	1
耕耘	7	1
跟进	7	1
搁浅	7	1
攻	7	1
公道	7	1
供奉	7	1
公关	7	1
恭敬	7	1
功劳	7	1
功率	7	1
共鸣	7	1
公墓	7	1
公仆	7	1
公然	7	1
共识	7	1
公事	7	1
供养	7	1
公用	7	1
公职	7	1
勾	7	1
勾结	7	1
股	7	1
寡妇	7	1
乖	7	1
怪不得	7	1
怪异	7	1
刮目相看	7	1
灌	7	1
棺材	7	1
光彩	7	1
光环	7	1
光辉	7	1
光泽	7	1
管家	7	1
官僚	7	1
关切	7	1
灌输	7	1
官司	7	1
关头	7	1
观望	7	1
管辖	7	1
挂失	7	1
股东	7	1
规格	7	1
归结	7	1
闺女	7	1
归属	7	1
骨架	7	1
孤立	7	1
过不去	7	1
过道	7	1
国防	7	1
过关	7	1
过奖	7	1
过滤	7	1
过剩	7	1
国土	7	1
过往	7	1
过问	7	1
国务院	7	1
过硬	7	1
国有	7	1
害虫	7	1
海湾	7	1
海峡	7	1
汉服	7	1
涵盖	7	1
航海	7	1
航运	7	1
含糊	7	1
捍卫	7	1
含蓄	7	1
寒暄	7	1
号称	7	1
耗时	7	1
好受	7	1
好说	7	1
好似	7	1
好在	7	1
何必	7	1
合唱	7	1
合乎	7	1
呵护	7	1
合伙	7	1
合计	7	1
何况	7	1
和气	7	1
和尚	7	1
核实	7	1
轰动	7	1
烘干	7	1
洪亮	7	1
哄堂大笑	7	1
宏伟	7	1
弘扬	7	1
轰炸	7	1
后世	7	1
后裔	7	1
划不来	7	1
怀旧	7	1
花蕾	7	1
华丽	7	1
皇上	7	1
欢快	7	1
唤起	7	1
焕然一新	7	1
幻影	7	1
画蛇添足	7	1
回避	7	1
回合	7	1
挥霍	7	1
汇聚	7	1
回馈	7	1
贿赂	7	1
回升	7	1
挥舞	7	1
胡闹	7	1
婚纱	7	1
火辣辣	7	1
火热	7	1
伙食	7	1
胡思乱想	7	1
计	7	1
祭	7	1
加紧	7	1
家境	7	1
假冒	7	1
贱	7	1
兼	7	1
监察	7	1
桨	7	1
将就	7	1
僵硬	7	1
监控	7	1
见仁见智	7	1
坚实	7	1
检讨	7	1
减退	7	1
见外	7	1
见效	7	1
间歇	7	1
鉴于	7	1
健壮	7	1
缴	7	1
搅拌	7	1
轿车	7	1
交接	7	1
胶囊	7	1
交情	7	1
脚踏实地	7	1
交头接耳	7	1
焦躁	7	1
矫正	7	1
架势	7	1
驾驭	7	1
级别	7	1
机动	7	1
截	7	1
接二连三	7	1
洁白	7	1
阶层	7	1
劫持	7	1
节俭	7	1
洁净	7	1
解渴	7	1
接力	7	1
解剖	7	1
介入	7	1
解散	7	1
结识	7	1
解析	7	1
界限	7	1
界线	7	1
节制	7	1
肌肤	7	1
记号	7	1
忌讳	7	1
激活	7	1
极力	7	1
禁不住	7	1
敬	7	1
境地	7	1
经度	7	1
净化	7	1
精华	7	1
惊慌	7	1
惊慌失措	7	1
竞技	7	1
境界	7	1
精密	7	1
精妙	7	1
精品	7	1
惊天动地	7	1
境外	7	1
敬业	7	1
晋级	7	1
禁忌	7	1
津津有味	7	1
进军	7	1
紧迫	7	1
进取	7	1
集市	7	1
棘手	7	1
激素	7	1
纠缠	7	1
就此	7	1
救济	7	1
就近	7	1
就绪	7	1
就诊	7	1
畸形	7	1
积蓄	7	1
挤压	7	1
及早	7	1
激增	7	1
机智	7	1
居安思危	7	1
捐献	7	1
局部	7	1
绝	7	1
巨额	7	1
崛起	7	1
觉悟	7	1
觉醒	7	1
抉择	7	1
拘留	7	1
骏马	7	1
举足轻重	7	1
开辟	7	1
开拓	7	1
开销	7	1
刊登	7	1
抗拒	7	1
看管	7	1
抗争	7	1
看护	7	1
坎坷	7	1
勘探	7	1
磕	7	1
可乘之机	7	1
刻画	7	1
啃	7	1
坑	7	1
可想而知	7	1
空洞	7	1
恐吓	7	1
空军	7	1
空隙	7	1
口吃	7	1
口水	7	1
扣押	7	1
夸大	7	1
款待	7	1
旷课	7	1
况且	7	1
狂热	7	1
宽广	7	1
亏待	7	1
枯竭	7	1
窟窿	7	1
阔绰	7	1
扩张	7	1
酷似	7	1
苦笑	7	1
蜡	7	1
喇叭	7	1
来电	7	1
来年	7	1
来之不易	7	1
捞	7	1
老大	7	1
老乡	7	1
冷淡	7	1
冷酷	7	1
冷落	7	1
冷门	7	1
两手	7	1
良心	7	1
连连	7	1
联盟	7	1
潦草	7	1
了结	7	1
辽阔	7	1
寥寥无几	7	1
疗效	7	1
疗养	7	1
理睬	7	1
裂	7	1
立方米	7	1
莅临	7	1
拎	7	1
临床	7	1
零件	7	1
领略	7	1
领悟	7	1
零星	7	1
领养	7	1
历时	7	1
力所能及	7	1
溜达	7	1
留恋	7	1
留念	7	1
留心	7	1
流转	7	1
鲤鱼	7	1
力争	7	1
搂	7	1
路段	7	1
略	7	1
路径	7	1
陆军	7	1
轮换	7	1
轮廓	7	1
落成	7	1
落户	7	1
落实	7	1
螺丝	7	1
路途	7	1
卤味	7	1
炉子	7	1
马后炮	7	1
埋没	7	1
埋头苦干	7	1
麻将	7	1
麻辣	7	1
麻木	7	1
茫茫	7	1
茫然	7	1
满怀	7	1
漫游	7	1
茂密	7	1
茂盛	7	1
麻醉	7	1
媒介	7	1
美满	7	1
煤炭	7	1
美学	7	1
萌发	7	1
萌芽	7	1
盟友	7	1
眯	7	1
免不了	7	1
面红耳赤	7	1
缅怀	7	1
面孔	7	1
面目全非	7	1
腼腆	7	1
免职	7	1
渺小	7	1
谜底	7	1
蔑视	7	1
秘方	7	1
密封	7	1
秘诀	7	1
迷恋	7	1
名贵	7	1
铭记	7	1
明朗	7	1
名利	7	1
民事	7	1
蜜月	7	1
膜	7	1
莫大	7	1
默默无闻	7	1
默契	7	1
谋划	7	1
墓	7	1
目不转睛	7	1
拇指	7	1
耐	7	1
男方	7	1
难为情	7	1
南辕北辙	7	1
恼火	7	1
闹事	7	1
纳入	7	1
纳税	7	1
能人	7	1
娘	7	1
酿造	7	1
年迈	7	1
念念不忘	7	1
捏	7	1
拧	7	1
浓缩	7	1
女方	7	1
挪	7	1
排斥	7	1
拍卖	7	1
派遣	7	1
牌照	7	1
判处	7	1
旁人	7	1
叛逆	7	1
盘旋	7	1
跑龙套	7	1
泡沫	7	1
配件	7	1
配偶	7	1
抨击	7	1
喷泉	7	1
偏偏	7	1
偏向	7	1
飘浮	7	1
疲倦	7	1
聘	7	1
品德	7	1
贫乏	7	1
屏蔽	7	1
平淡	7	1
平和	7	1
评审	7	1
平原	7	1
品味	7	1
品行	7	1
批判	7	1
泼冷水	7	1
破灭	7	1
迫使	7	1
沏	7	1
掐	7	1
迁	7	1
牵扯	7	1
虔诚	7	1
呛	7	1
枪毙	7	1
强势	7	1
牵挂	7	1
强行	7	1
抢眼	7	1
千军万马	7	1
前任	7	1
前所未有	7	1
欠条	7	1
牵头	7	1
前无古人	7	1
前夕	7	1
浅显	7	1
迁移	7	1
签约	7	1
潜在	7	1
器材	7	1
启程	7	1
起程	7	1
切换	7	1
切记	7	1
窃取	7	1
惬意	7	1
气愤	7	1
器官	7	1
契机	7	1
迄今	7	1
起劲	7	1
清澈	7	1
清脆	7	1
情境	7	1
轻蔑	7	1
倾诉	7	1
青铜器	7	1
倾斜	7	1
勤俭	7	1
亲近	7	1
侵略	7	1
亲身	7	1
亲生	7	1
气泡	7	1
弃权	7	1
丘陵	7	1
求学	7	1
气象	7	1
启用	7	1
七嘴八舌	7	1
取而代之	7	1
全方位	7	1
劝说	7	1
圈套	7	1
去除	7	1
取缔	7	1
缺口	7	1
曲线	7	1
曲折	7	1
驱逐	7	1
燃油	7	1
扰乱	7	1
饶恕	7	1
绕行	7	1
热带	7	1
任	7	1
人品	7	1
人气	7	1
任期	7	1
人手	7	1
韧性	7	1
人选	7	1
热衷	7	1
日复一日	7	1
冗长	7	1
容器	7	1
揉	7	1
入场券	7	1
弱势	7	1
如期	7	1
如意	7	1
赛车	7	1
赛季	7	1
三番五次	7	1
桑拿	7	1
扫除	7	1
沙龙	7	1
尚	7	1
上层	7	1
商贩	7	1
伤痕	7	1
赏识	7	1
伤势	7	1
上诉	7	1
上调	7	1
上演	7	1
商用	7	1
上游	7	1
山寨	7	1
少不了	7	1
审	7	1
生平	7	1
生前	7	1
声势	7	1
生死	7	1
生硬	7	1
审计	7	1
审判	7	1
申诉	7	1
渗透	7	1
身影	7	1
慎重	7	1
时而	7	1
视察	7	1
市场经济	7	1
施工	7	1
事迹	7	1
视角	7	1
时空	7	1
失灵	7	1
失落	7	1
士气	7	1
湿润	7	1
时时	7	1
时事	7	1
适时	7	1
失态	7	1
试探	7	1
示威	7	1
事宜	7	1
施展	7	1
柿子	7	1
手动	7	1
收割	7	1
守候	7	1
受贿	7	1
收敛	7	1
收买	7	1
首批	7	1
受益匪浅	7	1
摔跤	7	1
爽	7	1
霜	7	1
双重	7	1
刷新	7	1
舒畅	7	1
束缚	7	1
水滴石穿	7	1
水晶	7	1
水域	7	1
水涨船高	7	1
梳理	7	1
数码	7	1
顺其自然	7	1
顺手	7	1
顺心	7	1
顺延	7	1
束手无策	7	1
属相	7	1
疏远	7	1
似曾相识	7	1
司法	7	1
四面八方	7	1
私事	7	1
死心	7	1
松懈	7	1
怂恿	7	1
俗称	7	1
随即	7	1
随身	7	1
素养	7	1
塌	7	1
胎儿	7	1
贪	7	1
坦诚	7	1
坦率	7	1
贪污	7	1
讨	7	1
陶瓷	7	1
逃亡	7	1
陶醉	7	1
疼爱	7	1
特制	7	1
天长地久	7	1
甜蜜	7	1
跳槽	7	1
调和	7	1
调解	7	1
条理	7	1
调试	7	1
眺望	7	1
跳跃	7	1
替补	7	1
帖子	7	1
体谅	7	1
提名	7	1
体能	7	1
停顿	7	1
提速	7	1
体制	7	1
捅	7	1
同步	7	1
通畅	7	1
同感	7	1
通缉	7	1
同期	7	1
投稿	7	1
投身	7	1
退步	7	1
推断	7	1
推敲	7	1
推卸	7	1
推选	7	1
驮	7	1
脱节	7	1
妥善	7	1
脱身	7	1
突破口	7	1
突如其来	7	1
突兀	7	1
凸显	7	1
图纸	7	1
外籍	7	1
外贸	7	1
外向	7	1
挖掘	7	1
完毕	7	1
王朝	7	1
王牌	7	1
往事	7	1
亡羊补牢	7	1
完好	7	1
玩弄	7	1
顽皮	7	1
万万	7	1
万无一失	7	1
纬度	7	1
慰劳	7	1
威力	7	1
尾声	7	1
畏缩	7	1
威望	7	1
威信	7	1
稳	7	1
稳健	7	1
文人	7	1
瘟疫	7	1
卧铺	7	1
捂	7	1
无比	7	1
无偿	7	1
污秽	7	1
无可厚非	7	1
物流	7	1
污蔑	7	1
无能	7	1
务实	7	1
无私	7	1
无条件	7	1
无微不至	7	1
无线	7	1
诬陷	7	1
屋檐	7	1
无缘	7	1
虾	7	1
狭隘	7	1
瑕疵	7	1
陷	7	1
馅	7	1
献	7	1
先锋	7	1
想方设法	7	1
相继	7	1
详尽	7	1
相近	7	1
相通	7	1
像样	7	1
陷害	7	1
鲜美	7	1
嫌弃	7	1
掀起	7	1
显现	7	1
现行	7	1
鲜血	7	1
闲置	7	1
小菜一碟	7	1
孝顺	7	1
萧条	7	1
下台	7	1
下调	7	1
下游	7	1
协定	7	1
泄气	7	1
协商	7	1
协同	7	1
协作	7	1
喜好	7	1
熄火	7	1
奚落	7	1
新潮	7	1
兴奋剂	7	1
兴高采烈	7	1
行使	7	1
形影不离	7	1
心灵手巧	7	1
新奇	7	1
心声	7	1
新式	7	1
心酸	7	1
欣喜	7	1
心胸	7	1
心血	7	1
心眼儿	7	1
凶恶	7	1
凶狠	7	1
汹涌	7	1
稀奇	7	1
喜庆	7	1
昔日	7	1
嗅	7	1
修补	7	1
修长	7	1
休克	7	1
秀丽	7	1
修养	7	1
修正	7	1
席位	7	1
细微	7	1
息息相关	7	1
虚	7	1
宣称	7	1
悬挂	7	1
宣扬	7	1
削减	7	1
血脉	7	1
削弱	7	1
雪山	7	1
学识	7	1
学说	7	1
学子	7	1
虚幻	7	1
熏	7	1
循序渐进	7	1
勋章	7	1
旭日	7	1
徐徐	7	1
押	7	1
压倒	7	1
仰望	7	1
掩护	7	1
烟花	7	1
眼色	7	1
眼下	7	1
演绎	7	1
摇摆	7	1
要领	7	1
要强	7	1
摇摇欲坠	7	1
压迫	7	1
鸦雀无声	7	1
压制	7	1
夜班	7	1
夜以继日	7	1
椰子	7	1
依	7	1
一并	7	1
一筹莫展	7	1
依次	7	1
一动不动	7	1
义工	7	1
移交	7	1
一举一动	7	1
一目了然	7	1
瘾	7	1
隐蔽	7	1
应急	7	1
营救	7	1
英明	7	1
应邀	7	1
应有尽有	7	1
阴历	7	1
银幕	7	1
隐情	7	1
隐形	7	1
阴性	7	1
引诱	7	1
印章	7	1
宜人	7	1
以身作则	7	1
一事无成	7	1
议题	7	1
一体	7	1
一味	7	1
一无所有	7	1
一线	7	1
依依不舍	7	1
一早	7	1
依照	7	1
一针见血	7	1
移植	7	1
以致	7	1
涌	7	1
诱饵	7	1
油腻	7	1
友人	7	1
有望	7	1
有幸	7	1
玉	7	1
与否	7	1
原创	7	1
缘分	7	1
原告	7	1
怨恨	7	1
远见	7	1
源泉	7	1
源头	7	1
冤枉	7	1
怨言	7	1
预告	7	1
愚公移山	7	1
预见	7	1
预警	7	1
郁闷	7	1
遇难	7	1
孕妇	7	1
晕头转向	7	1
与日俱增	7	1
宰	7	1
栽	7	1
在职	7	1
杂技	7	1
杂交	7	1
暂	7	1
攒	7	1
灶	7	1
造假	7	1
早年	7	1
糟蹋	7	1
闸	7	1
渣	7	1
摘要	7	1
斩	7	1
掌管	7	1
张扬	7	1
战术	7	1
罩	7	1
照办	7	1
照料	7	1
招募	7	1
招牌	7	1
招数	7	1
沼泽	7	1
遮	7	1
遮挡	7	1
珍藏	7	1
震荡	7	1
政党	7	1
整合	7	1
正能量	7	1
正视	7	1
整数	7	1
针灸	7	1
阵容	7	1
珍视	7	1
珍稀	7	1
真挚	7	1
斟酌	7	1
致	7	1
织	7	1
纸币	7	1
致辞	7	1
至此	7	1
直达	7	1
指点	7	1
只管	7	1
知己	7	1
指教	7	1
直径	7	1
直觉	7	1
支流	7	1
芝麻	7	1
支配	7	1
致使	7	1
指数	7	1
执意	7	1
志愿	7	1
支柱	7	1
肿瘤	7	1
昼夜	7	1
注	7	1
拽	7	1
专长	7	1
桩	7	1
壮丽	7	1
庄园	7	1
传记	7	1
专卖	7	1
转型	7	1
转折	7	1
专制	7	1
爪子	7	1
坠	7	1
逐年	7	1
准则	7	1
捉迷藏	7	1
着重	7	1
主权	7	1
诸如此类	7	1
注视	7	1
主题曲	7	1
诸位	7	1
主页	7	1
主义	7	1
主宰	7	1
驻足	7	1
兹	7	1
资本主义	7	1
资历	7	1
自满	7	1
自强不息	7	1
自然而然	7	1
滋润	7	1
姿态	7	1
自相矛盾	7	1
自尊	7	1
纵然	7	1
纵容	7	1
走过场	7	1
走私	7	1
走投无路	7	1
阻拦	7	1
阻挠	7	1
尊贵	7	1
遵照	7	1
左顾右盼	7	1
作客	7	1
坐落	7	1
琢磨	7	1
癌	7	0
哀求	7	0
暗地里	7	0
按理	7	0
按说	7	0
安置	7	0
凹	7	0
坝	7	0
疤	7	0
把柄	7	0
霸道	7	0
把关	7	0
百般	7	0
摆动	7	0
百分比	7	0
败坏	7	0
拜见	7	0
摆平	7	0
摆设	7	0
巴结	7	0
罢免	7	0
扮	7	0
扳	7	0
颁布	7	0
帮手	7	0
颁奖	7	0
绊脚石	7	0
板块	7	0
伴侣	7	0
搬迁	7	0
半信半疑	7	0
办学	7	0
豹	7	0
煲	7	0
报案	7	0
包庇	7	0
褒贬	7	0
暴风骤雨	7	0
抱负	7	0
饱和	7	0
饱经沧桑	7	0
宝库	7	0
堡垒	7	0
暴利	7	0
爆满	7	0
保鲜	7	0
爆竹	7	0
罢休	7	0
霸占	7	0
巴掌	7	0
靶子	7	0
碑	7	0
背负	7	0
备课	7	0
备忘录	7	0
卑微	7	0
背影	7	0
备战	7	0
奔波	7	0
奔驰	7	0
本分	7	0
奔赴	7	0
蹦	7	0
绷	7	0
迸发	7	0
本色	7	0
本着	7	0
辩	7	0
遍布	7	0
便饭	7	0
变革	7	0
变更	7	0
编号	7	0
变幻莫测	7	0
边疆	7	0
编剧	7	0
编排	7	0
便携式	7	0
边远	7	0
辩证	7	0
编制	7	0
表白	7	0
标本	7	0
标点	7	0
表决	7	0
飙升	7	0
表述	7	0
表率	7	0
表态	7	0
表彰	7	0
标致	7	0
比比皆是	7	0
弊病	7	0
弊端	7	0
憋	7	0
别具匠心	7	0
别扭	7	0
别致	7	0
壁画	7	0
必将	7	0
逼近	7	0
壁垒	7	0
丙	7	0
秉承	7	0
秉持	7	0
并发症	7	0
并购	7	0
冰棍儿	7	0
病历	7	0
冰山一角	7	0
冰天雪地	7	0
并行	7	0
病症	7	0
避让	7	0
比试	7	0
博大精深	7	0
波及	7	0
拨款	7	0
波澜	7	0
波涛	7	0
博学	7	0
剥削	7	0
不经意	7	0
不耻下问	7	0
不得已	7	0
不定	7	0
不乏	7	0
不敢当	7	0
捕获	7	0
不及	7	0
不力	7	0
不了了之	7	0
不平	7	0
步入	7	0
不慎	7	0
部署	7	0
不相上下	7	0
不肖	7	0
不屑	7	0
不厌其烦	7	0
不翼而飞	7	0
不以为然	7	0
不约而同	7	0
不折不扣	7	0
不正之风	7	0
裁	7	0
裁定	7	0
财经	7	0
采矿	7	0
采摘	7	0
残	7	0
惨	7	0
惨白	7	0
舱	7	0
藏匿	7	0
沧桑	7	0
残留	7	0
参谋	7	0
惨痛	7	0
参照	7	0
惨重	7	0
草案	7	0
操劳	7	0
操练	7	0
草药	7	0
操纵	7	0
测定	7	0
侧面	7	0
层出不穷	7	0
测算	7	0
侧重	7	0
岔	7	0
查处	7	0
差额	7	0
查获	7	0
拆迁	7	0
察看	7	0
搀	7	0
刹那	7	0
倡导	7	0
猖狂	7	0
常理	7	0
长期以来	7	0
常人	7	0
昌盛	7	0
长效	7	0
长征	7	0
长足	7	0
缠绕	7	0
阐释	7	0
产业链	7	0
产值	7	0
超标	7	0
超前	7	0
潮水	7	0
抄袭	7	0
巢穴	7	0
炒作	7	0
插曲	7	0
诧异	7	0
撤	7	0
沉淀	7	0
承包	7	0
成才	7	0
承接	7	0
成品	7	0
城墙	7	0
逞强	7	0
成全	7	0
成心	7	0
诚意	7	0
陈旧	7	0
陈列	7	0
衬托	7	0
沉稳	7	0
趁早	7	0
沉着	7	0
撤退	7	0
痴呆	7	0
尺度	7	0
迟缓	7	0
驰名	7	0
持平	7	0
耻笑	7	0
充	7	0
宠爱	7	0
重重	7	0
重合	7	0
崇敬	7	0
充沛	7	0
崇尚	7	0
重申	7	0
冲撞	7	0
仇	7	0
筹	7	0
筹办	7	0
抽查	7	0
筹措	7	0
丑恶	7	0
筹集	7	0
筹码	7	0
愁眉苦脸	7	0
稠密	7	0
仇人	7	0
抽样	7	0
踹	7	0
揣	7	0
揣摩	7	0
船舶	7	0
传单	7	0
创伤	7	0
传媒	7	0
串门	7	0
传人	7	0
喘息	7	0
出厂	7	0
出动	7	0
处分	7	0
捶	7	0
锤	7	0
吹捧	7	0
炊烟	7	0
出局	7	0
出具	7	0
触觉	7	0
出口成章	7	0
储量	7	0
触目惊心	7	0
纯朴	7	0
绰号	7	0
除去	7	0
出任	7	0
出人意料	7	0
处事	7	0
出头	7	0
出土	7	0
除外	7	0
出息	7	0
出众	7	0
出资	7	0
出走	7	0
辞呈	7	0
刺耳	7	0
赐教	7	0
次品	7	0
此起彼伏	7	0
次日	7	0
雌性	7	0
刺绣	7	0
刺眼	7	0
此致	7	0
丛	7	0
从容	7	0
凑合	7	0
窜	7	0
促成	7	0
璀璨	7	0
摧残	7	0
催眠	7	0
存货	7	0
存心	7	0
存折	7	0
挫败	7	0
磋商	7	0
措手不及	7	0
错综复杂	7	0
簇拥	7	0
打下手	7	0
答辩	7	0
打盹儿	7	0
大纲	7	0
带队	7	0
怠工	7	0
代号	7	0
带头	7	0
大街小巷	7	0
大名鼎鼎	7	0
担	7	0
担保	7	0
单边	7	0
诞辰	7	0
单方面	7	0
当即	7	0
当晚	7	0
荡漾	7	0
当之无愧	7	0
当众	7	0
淡化	7	0
单价	7	0
担子	7	0
盗	7	0
导弹	7	0
导航	7	0
导火索	7	0
倒计时	7	0
道具	7	0
捣乱	7	0
悼念	7	0
导向	7	0
大肆	7	0
大雁	7	0
大有可为	7	0
大宗	7	0
得不偿失	7	0
德才兼备	7	0
蹬	7	0
登顶	7	0
得失	7	0
得手	7	0
得天独厚	7	0
得心应手	7	0
得益	7	0
得意扬扬	7	0
抵	7	0
堤	7	0
颠倒	7	0
颠倒黑白	7	0
垫底	7	0
奠定	7	0
淀粉	7	0
惦记	7	0
点评	7	0
殿堂	7	0
电网	7	0
电信	7	0
电讯	7	0
点缀	7	0
调度	7	0
吊销	7	0
底层	7	0
抵触	7	0
跌幅	7	0
低谷	7	0
递交	7	0
低迷	7	0
顶多	7	0
定金	7	0
订立	7	0
定向	7	0
定做	7	0
丢三落四	7	0
低下	7	0
底线	7	0
抵消	7	0
地下水	7	0
抵押	7	0
第一手	7	0
底蕴	7	0
递增	7	0
抵制	7	0
弟子	7	0
底子	7	0
东奔西走	7	0
东道主	7	0
动感	7	0
动工	7	0
栋梁	7	0
董事	7	0
动弹	7	0
动向	7	0
动用	7	0
动员	7	0
斗	7	0
抖	7	0
兜售	7	0
断绝	7	0
断然	7	0
兑	7	0
对白	7	0
对策	7	0
对联	7	0
对流	7	0
兑现	7	0
队形	7	0
对弈	7	0
对照	7	0
对症下药	7	0
独家	7	0
敦厚	7	0
多半	7	0
多边	7	0
夺冠	7	0
哆嗦	7	0
多心	7	0
读物	7	0
额度	7	0
噩耗	7	0
恩爱	7	0
恩人	7	0
恩怨	7	0
耳目一新	7	0
耳熟能详	7	0
讹诈	7	0
发愣	7	0
乏力	7	0
阀门	7	0
帆	7	0
反差	7	0
犯愁	7	0
反倒	7	0
仿	7	0
房地产	7	0
防护	7	0
放宽	7	0
防守	7	0
放水	7	0
防汛	7	0
防疫	7	0
方圆	7	0
仿真	7	0
方针	7	0
仿制	7	0
纺织	7	0
放纵	7	0
繁华	7	0
返还	7	0
反击	7	0
翻来覆去	7	0
烦闷	7	0
反射	7	0
翻身	7	0
翻天覆地	7	0
反响	7	0
反省	7	0
繁衍	7	0
繁杂	7	0
反之	7	0
繁重	7	0
法人	7	0
发扬	7	0
发扬光大	7	0
发源	7	0
发源地	7	0
法制	7	0
法治	7	0
非但	7	0
沸沸扬扬	7	0
废品	7	0
废寝忘食	7	0
飞禽走兽	7	0
绯闻	7	0
飞跃	7	0
粪	7	0
粪便	7	0
份额	7	0
逢	7	0
风波	7	0
风采	7	0
风餐露宿	7	0
风吹雨打	7	0
封顶	7	0
风度	7	0
风范	7	0
缝合	7	0
风和日丽	7	0
丰厚	7	0
峰会	7	0
峰回路转	7	0
封建	7	0
风景线	7	0
风浪	7	0
风流	7	0
风貌	7	0
凤毛麟角	7	0
风气	7	0
风趣	7	0
风沙	7	0
风尚	7	0
风水	7	0
丰硕	7	0
风土人情	7	0
分红	7	0
分化	7	0
奋力	7	0
分泌	7	0
奋勇	7	0
敷	7	0
副本	7	0
扶持	7	0
浮动	7	0
复发	7	0
富豪	7	0
孵化	7	0
俘获	7	0
浮力	7	0
俘虏	7	0
福气	7	0
服气	7	0
辐射	7	0
俯视	7	0
俯首	7	0
腹泻	7	0
抚恤	7	0
敷衍	7	0
浮躁	7	0
负重	7	0
斧子	7	0
钙	7	0
概	7	0
改版	7	0
改观	7	0
概况	7	0
概论	7	0
改日	7	0
杆	7	0
干部	7	0
感触	7	0
赶赴	7	0
缸	7	0
干戈	7	0
杠杆	7	0
纲领	7	0
港湾	7	0
纲要	7	0
干劲	7	0
感慨	7	0
干事	7	0
感悟	7	0
感性	7	0
告	7	0
高额	7	0
高昂	7	0
高调	7	0
搞鬼	7	0
高见	7	0
高龄	7	0
高明	7	0
搞笑	7	0
告状	7	0
个案	7	0
戈壁	7	0
格格不入	7	0
格局	7	0
耕	7	0
哽咽	7	0
更正	7	0
耿直	7	0
根基	7	0
根深蒂固	7	0
根治	7	0
各抒己见	7	0
歌颂	7	0
个头儿	7	0
歌舞	7	0
革新	7	0
歌谣	7	0
搁置	7	0
格子	7	0
拱	7	0
功	7	0
公办	7	0
供不应求	7	0
功臣	7	0
功底	7	0
攻读	7	0
公费	7	0
攻关	7	0
攻克	7	0
工科	7	0
公款	7	0
公立	7	0
功力	7	0
功利	7	0
供暖	7	0
公顷	7	0
供求	7	0
公示	7	0
攻势	7	0
宫廷	7	0
共同体	7	0
恭维	7	0
公务	7	0
共性	7	0
供需	7	0
供应链	7	0
公约	7	0
公证	7	0
工整	7	0
钩	7	0
勾勒	7	0
够呛	7	0
构想	7	0
瓜分	7	0
乖巧	7	0
惯	7	0
官兵	7	0
贯彻	7	0
贯穿	7	0
灌溉	7	0
观感	7	0
光缆	7	0
光明磊落	7	0
广义	7	0
管教	7	0
惯例	7	0
官吏	7	0
观摩	7	0
关税	7	0
贯通	7	0
惯性	7	0
鼓动	7	0
股份	7	0
骨干	7	0
固化	7	0
瑰宝	7	0
贵宾	7	0
归根到底	7	0
轨迹	7	0
归纳	7	0
归宿	7	0
规章	7	0
古籍	7	0
古今中外	7	0
孤零零	7	0
孤陋寡闻	7	0
顾虑	7	0
股民	7	0
顾名思义	7	0
滚动	7	0
裹	7	0
过意不去	7	0
过半	7	0
国徽	7	0
过境	7	0
国学	7	0
果真	7	0
古朴	7	0
骨气	7	0
姑且	7	0
顾全大局	7	0
估算	7	0
雇主	7	0
海量	7	0
骇人听闻	7	0
海藻	7	0
函	7	0
酣畅	7	0
寒带	7	0
行家	7	0
行列	7	0
行情	7	0
夯实	7	0
航天	7	0
航天员	7	0
憨厚	7	0
汗马功劳	7	0
酣睡	7	0
耗	7	0
好歹	7	0
浩劫	7	0
豪迈	7	0
好胜	7	0
何	7	0
呵	7	0
喝彩	7	0
核查	7	0
何等	7	0
贺电	7	0
荷花	7	0
黑马	7	0
黑名单	7	0
何苦	7	0
鹤立鸡群	7	0
禾苗	7	0
和睦	7	0
恨不得	7	0
横向	7	0
河畔	7	0
和平共处	7	0
赫然	7	0
贺信	7	0
何止	7	0
合资	7	0
轰	7	0
烘	7	0
烘焙	7	0
宏观	7	0
红火	7	0
红利	7	0
红扑扑	7	0
烘托	7	0
后备	7	0
厚道	7	0
后盾	7	0
后顾之忧	7	0
后勤	7	0
后台	7	0
后续	7	0
后遗症	7	0
糊	7	0
护	7	0
呼	7	0
画册	7	0
划得来	7	0
化肥	7	0
槐树	7	0
滑稽	7	0
化解	7	0
缓	7	0
环比	7	0
焕发	7	0
荒	7	0
荒诞	7	0
晃荡	7	0
荒凉	7	0
慌乱	7	0
慌忙	7	0
恍然大悟	7	0
缓和	7	0
欢聚	7	0
环球	7	0
换取	7	0
欢声笑语	7	0
华侨	7	0
哗然	7	0
划时代	7	0
滑梯	7	0
花纹	7	0
化险为夷	7	0
化验	7	0
花样	7	0
华裔	7	0
互补	7	0
呼唤	7	0
毁	7	0
汇合	7	0
悔恨	7	0
汇集	7	0
回落	7	0
绘声绘色	7	0
回首	7	0
回味	7	0
会晤	7	0
会意	7	0
回忆录	7	0
会诊	7	0
绘制	7	0
昏	7	0
荤	7	0
昏迷	7	0
混浊	7	0
豁	7	0
火爆	7	0
豁出去	7	0
豁达	7	0
祸害	7	0
火候	7	0
火炬	7	0
火速	7	0
获悉	7	0
货运	7	0
呼声	7	0
呼啸	7	0
呼应	7	0
忽悠	7	0
忌	7	0
剂	7	0
暨	7	0
积	7	0
继而	7	0
家教	7	0
佳节	7	0
加盟	7	0
拣	7	0
鉴别	7	0
剪彩	7	0
检察	7	0
尖端	7	0
见多识广	7	0
减负	7	0
肩负	7	0
僵	7	0
僵化	7	0
讲理	7	0
江山	7	0
奖赏	7	0
监管	7	0
监护	7	0
嘉年华	7	0
剪辑	7	0
简练	7	0
见利忘义	7	0
简陋	7	0
健美	7	0
减免	7	0
歼灭	7	0
兼任	7	0
兼容	7	0
坚守	7	0
建树	7	0
见闻	7	0
艰险	7	0
简要	7	0
简易	7	0
见义勇为	7	0
奸诈	7	0
绞	7	0
焦	7	0
叫板	7	0
交锋	7	0
娇惯	7	0
叫好	7	0
交互	7	0
交集	7	0
交界	7	0
较劲	7	0
较量	7	0
缴纳	7	0
交纳	7	0
娇气	7	0
交涉	7	0
礁石	7	0
交替	7	0
教条	7	0
交响乐	7	0
交织	7	0
家禽	7	0
假使	7	0
家世	7	0
价位	7	0
佳肴	7	0
家喻户晓	7	0
夹杂	7	0
家政	7	0
加之	7	0
价值观	7	0
嫁妆	7	0
基本功	7	0
机舱	7	0
计策	7	0
基层	7	0
激荡	7	0
祭奠	7	0
积淀	7	0
劫	7	0
界	7	0
揭	7	0
接班	7	0
接班人	7	0
皆大欢喜	7	0
界定	7	0
揭发	7	0
街坊	7	0
接轨	7	0
接济	7	0
接见	7	0
结晶	7	0
竭力	7	0
届时	7	0
结算	7	0
接替	7	0
阶梯	7	0
借条	7	0
解围	7	0
节衣缩食	7	0
介于	7	0
解约	7	0
继父	7	0
急功近利	7	0
籍贯	7	0
机关	7	0
激化	7	0
基建	7	0
基金会	7	0
忌口	7	0
剂量	7	0
脊梁	7	0
筋	7	0
茎	7	0
敬爱	7	0
敬而远之	7	0
精彩纷呈	7	0
精打细算	7	0
惊动	7	0
精度	7	0
经费	7	0
荆棘	7	0
精简	7	0
兢兢业业	7	0
经久不息	7	0
敬礼	7	0
精练	7	0
经贸	7	0
精明	7	0
敬佩	7	0
精疲力竭	7	0
精巧	7	0
敬请	7	0
警犬	7	0
警示	7	0
惊叹	7	0
精细	7	0
惊险	7	0
竞相	7	0
惊心动魄	7	0
晶莹	7	0
精益求精	7	0
境遇	7	0
精湛	7	0
径直	7	0
敬重	7	0
警钟	7	0
纪念碑	7	0
浸泡	7	0
锦旗	7	0
紧缺	7	0
锦上添花	7	0
紧缩	7	0
劲头	7	0
进修	7	0
窘迫	7	0
急迫	7	0
汲取	7	0
即日	7	0
纪实	7	0
集思广益	7	0
揪	7	0
就餐	7	0
就地	7	0
酒楼	7	0
就任	7	0
救死扶伤	7	0
久违	7	0
久仰	7	0
就医	7	0
就职	7	0
救治	7	0
就座	7	0
吉祥物	7	0
绩效	7	0
讥笑	7	0
纪要	7	0
急于求成	7	0
积攒	7	0
急躁	7	0
急中生智	7	0
集装箱	7	0
基准	7	0
集资	7	0
举报	7	0
剧变	7	0
举措	7	0
绝技	7	0
绝迹	7	0
诀窍	7	0
绝缘	7	0
角逐	7	0
居高不下	7	0
聚焦	7	0
剧目	7	0
俊	7	0
竣工	7	0
军官	7	0
俊俏	7	0
军事	7	0
举棋不定	7	0
举世瞩目	7	0
拘束	7	0
巨头	7	0
据悉	7	0
举一反三	7	0
居于	7	0
开办	7	0
开采	7	0
开场	7	0
开场白	7	0
开发区	7	0
开发商	7	0
开工	7	0
开垦	7	0
开阔	7	0
楷模	7	0
开天辟地	7	0
开庭	7	0
凯旋	7	0
堪称	7	0
抗衡	7	0
抗生素	7	0
侃侃而谈	7	0
看台	7	0
刊物	7	0
考查	7	0
考量	7	0
靠拢	7	0
可悲	7	0
刻不容缓	7	0
可贵	7	0
苛刻	7	0
颗粒	7	0
客流	7	0
克隆	7	0
恳切	7	0
可谓	7	0
客运	7	0
刻舟求剑	7	0
孔	7	0
空白	7	0
空荡荡	7	0
空间站	7	0
空前	7	0
空想	7	0
抠	7	0
口岸	7	0
口碑	7	0
口才	7	0
扣除	7	0
口径	7	0
口令	7	0
扣留	7	0
扣人心弦	7	0
口哨儿	7	0
口头禅	7	0
口子	7	0
挎	7	0
垮	7	0
跨度	7	0
快活	7	0
夸夸其谈	7	0
宽泛	7	0
矿	7	0
框	7	0
筐	7	0
矿藏	7	0
矿产	7	0
宽厚	7	0
宽阔	7	0
宽恕	7	0
夸耀	7	0
亏本	7	0
捆	7	0
扩	7	0
扩充	7	0
苦涩	7	0
苦心	7	0
拉动	7	0
来宾	7	0
来历	7	0
啦啦队	7	0
拉拢	7	0
缆车	7	0
狼狈	7	0
朗诵	7	0
栏目	7	0
蓝图	7	0
涝	7	0
老伴儿	7	0
牢牢	7	0
劳务	7	0
老字号	7	0
腊月	7	0
乐此不疲	7	0
勒	7	0
累计	7	0
雷同	7	0
棱角	7	0
乐园	7	0
炼	7	0
立案	7	0
良	7	0
亮点	7	0
量化	7	0
谅解	7	0
两口子	7	0
亮丽	7	0
两栖	7	0
连贯	7	0
亮相	7	0
两下子	7	0
良性	7	0
两翼	7	0
联欢	7	0
廉洁	7	0
恋恋不舍	7	0
连绵	7	0
连年	7	0
连任	7	0
联手	7	0
连锁	7	0
怜惜	7	0
廉正	7	0
莲子	7	0
利弊	7	0
力不从心	7	0
历程	7	0
历代	7	0
裂痕	7	0
列举	7	0
烈日	7	0
劣势	7	0
烈士	7	0
劣质	7	0
咧嘴	7	0
立功	7	0
利害	7	0
立交桥	7	0
历届	7	0
临	7	0
领队	7	0
灵机一动	7	0
领军	7	0
灵巧	7	0
领事	7	0
零售	7	0
零碎	7	0
灵通	7	0
临街	7	0
离谱儿	7	0
力求	7	0
礼尚往来	7	0
理事	7	0
利索	7	0
立体	7	0
流氓	7	0
流派	7	0
流失	7	0
柳树	7	0
流水	7	0
流淌	7	0
流向	7	0
流域	7	0
励志	7	0
理直气壮	7	0
立足	7	0
笼统	7	0
屡	7	0
缕	7	0
卵	7	0
孪生	7	0
屡次	7	0
掠夺	7	0
略微	7	0
屡屡	7	0
抡	7	0
伦理	7	0
论述	7	0
裸	7	0
落差	7	0
裸露	7	0
啰唆	7	0
络绎不绝	7	0
路子	7	0
麻痹	7	0
埋藏	7	0
脉络	7	0
漫	7	0
忙活	7	0
忙乱	7	0
慢性	7	0
冒昧	7	0
矛头	7	0
枚	7	0
美化	7	0
眉开眼笑	7	0
美容	7	0
美誉	7	0
没辙	7	0
没准儿	7	0
美滋滋	7	0
梦幻	7	0
猛烈	7	0
朦胧	7	0
梦寐以求	7	0
猛然	7	0
门路	7	0
免除	7	0
勉励	7	0
面貌	7	0
面面俱到	7	0
苗	7	0
庙	7	0
庙会	7	0
藐视	7	0
苗头	7	0
密布	7	0
民办	7	0
鸣	7	0
名次	7	0
名副其实	7	0
明媚	7	0
名言	7	0
名著	7	0
民居	7	0
民生	7	0
民意	7	0
民营	7	0
民用	7	0
谜语	7	0
墨	7	0
模范	7	0
莫非	7	0
磨合	7	0
魔力	7	0
茉莉	7	0
磨炼	7	0
没落	7	0
磨难	7	0
漠然	7	0
末日	7	0
抹杀	7	0
谋害	7	0
谋求	7	0
谋取	7	0
幕	7	0
亩	7	0
墓碑	7	0
牡丹	7	0
墓地	7	0
幕后	7	0
募捐	7	0
牧民	7	0
目中无人	7	0
呐喊	7	0
耐人寻味	7	0
乃至	7	0
纳闷儿	7	0
难得一见	7	0
难堪	7	0
难能可贵	7	0
恼羞成怒	7	0
纳税人	7	0
内地	7	0
内幕	7	0
内需	7	0
内脏	7	0
能耗	7	0
能耐	7	0
逆	7	0
拟	7	0
撵	7	0
年报	7	0
年均	7	0
年限	7	0
年薪	7	0
鸟巢	7	0
拟定	7	0
凝结	7	0
凝聚	7	0
泥潭	7	0
纽带	7	0
扭头	7	0
逆行	7	0
农民工	7	0
弄虚作假	7	0
浓重	7	0
暖烘烘	7	0
趴	7	0
拍板	7	0
派别	7	0
排查	7	0
排行榜	7	0
徘徊	7	0
盼	7	0
攀	7	0
螃蟹	7	0
盘算	7	0
刨	7	0
炮	7	0
佩戴	7	0
配角	7	0
胚胎	7	0
配音	7	0
配置	7	0
盆地	7	0
棚	7	0
蓬勃	7	0
捧场	7	0
鹏程万里	7	0
澎湃	7	0
脾	7	0
劈	7	0
偏差	7	0
片段	7	0
篇幅	7	0
偏旁	7	0
偏僻	7	0
片子	7	0
漂泊	7	0
票房	7	0
漂流	7	0
飘扬	7	0
撇	7	0
批发	7	0
僻静	7	0
披露	7	0
媲美	7	0
拼搏	7	0
评定	7	0
平房	7	0
平价	7	0
瓶颈	7	0
平面	7	0
萍水相逢	7	0
平坦	7	0
评委	7	0
平稳	7	0
平庸	7	0
屏障	7	0
凭证	7	0
拼接	7	0
频频	7	0
聘任	7	0
品位	7	0
聘用	7	0
譬如	7	0
破案	7	0
破除	7	0
破解	7	0
魄力	7	0
扑面而来	7	0
菩萨	7	0
朴实	7	0
恰到好处	7	0
前辈	7	0
千变万化	7	0
千方百计	7	0
潜伏	7	0
前赴后继	7	0
抢夺	7	0
强硬	7	0
强占	7	0
迁就	7	0
千钧一发	7	0
潜能	7	0
欠缺	7	0
牵涉	7	0
潜艇	7	0
前线	7	0
潜心	7	0
前沿	7	0
潜移默化	7	0
牵制	7	0
千姿百态	7	0
撬	7	0
窍门	7	0
敲诈	7	0
恰如其分	7	0
起草	7	0
启迪	7	0
锲而不舍	7	0
切磋	7	0
切割	7	0
切忌	7	0
切身	7	0
奇观	7	0
气管	7	0
起哄	7	0
启蒙	7	0
倾倒	7	0
庆典	7	0
庆贺	7	0
情怀	7	0
倾家荡产	7	0
请柬	7	0
清静	7	0
情理	7	0
清凉	7	0
勤工俭学	7	0
情商	7	0
请示	7	0
倾销	7	0
清新	7	0
轻型	7	0
侵害	7	0
亲和力	7	0
勤快	7	0
琴棋书画	7	0
侵权	7	0
亲热	7	0
寝室	7	0
亲眼	7	0
侵占	7	0
气派	7	0
起跑线	7	0
气魄	7	0
蹊跷	7	0
乞求	7	0
崎岖	7	0
乞讨	7	0
求同存异	7	0
求医	7	0
求证	7	0
器械	7	0
齐心协力	7	0
欺诈	7	0
器重	7	0
拳	7	0
权衡	7	0
全局	7	0
全能	7	0
全身心	7	0
诠释	7	0
权限	7	0
权益	7	0
劝阻	7	0
去处	7	0
瘸	7	0
缺失	7	0
确凿	7	0
确诊	7	0
区间	7	0
取经	7	0
取决	7	0
区区	7	0
曲艺	7	0
趋于	7	0
燃放	7	0
嚷	7	0
燃气	7	0
绕远儿	7	0
热潮	7	0
人次	7	0
人道	7	0
人身	7	0
人文	7	0
忍心	7	0
人缘儿	7	0
任职	7	0
任重道远	7	0
热销	7	0
日趋	7	0
日新月异	7	0
融	7	0
容光焕发	7	0
荣获	7	0
溶解	7	0
容颜	7	0
融资	7	0
软实力	7	0
如痴如醉	7	0
瑞雪	7	0
润	7	0
若干	7	0
弱项	7	0
如实	7	0
如一	7	0
乳制品	7	0
赛	7	0
散布	7	0
三角	7	0
三维	7	0
骚乱	7	0
扫墓	7	0
扫兴	7	0
嫂子	7	0
僧人	7	0
纱	7	0
杀毒	7	0
筛查	7	0
山川	7	0
煽动	7	0
上报	7	0
伤残	7	0
伤感	7	0
上岗	7	0
商贾	7	0
上火	7	0
商机	7	0
尚且	7	0
上任	7	0
商讨	7	0
上行	7	0
商议	7	0
山岭	7	0
擅自	7	0
哨	7	0
捎	7	0
稍稍	7	0
涉猎	7	0
肾	7	0
渗	7	0
申办	7	0
身不由己	7	0
深沉	7	0
审定	7	0
生产线	7	0
胜负	7	0
升华	7	0
盛会	7	0
生机	7	0
生理	7	0
省略	7	0
生怕	7	0
盛气凌人	7	0
盛情	7	0
省事	7	0
生疏	7	0
圣贤	7	0
盛宴	7	0
深化	7	0
身价	7	0
申领	7	0
审批	7	0
神气	7	0
深切	7	0
深情	7	0
深情厚谊	7	0
身躯	7	0
深入人心	7	0
深思	7	0
深邃	7	0
伸缩	7	0
神态	7	0
深造	7	0
伸张	7	0
奢望	7	0
涉嫌	7	0
屎	7	0
时隔	7	0
势必	7	0
势不可当	7	0
实地	7	0
湿地	7	0
试点	7	0
师范	7	0
世故	7	0
侍候	7	0
使唤	7	0
实话实说	7	0
施加	7	0
实况	7	0
失利	7	0
适量	7	0
食宿	7	0
事态	7	0
势头	7	0
实物	7	0
史无前例	7	0
失效	7	0
试行	7	0
施行	7	0
师长	7	0
使者	7	0
市值	7	0
师资	7	0
受宠若惊	7	0
首创	7	0
受挫	7	0
首付	7	0
收复	7	0
受害	7	0
受害人	7	0
受惊	7	0
受理	7	0
收留	7	0
首脑	7	0
收视率	7	0
首席	7	0
守信	7	0
收支	7	0
守株待兔	7	0
受罪	7	0
赎	7	0
衰减	7	0
衰竭	7	0
耍赖	7	0
涮	7	0
双边	7	0
双向	7	0
双赢	7	0
疏导	7	0
曙光	7	0
水产	7	0
睡袋	7	0
水利	7	0
水土	7	0
水源	7	0
书记	7	0
竖立	7	0
顺差	7	0
顺从	7	0
枢纽	7	0
顺理成章	7	0
顺路	7	0
顺势	7	0
顺应	7	0
说不上	7	0
硕果	7	0
说情	7	0
抒情	7	0
树梢	7	0
疏通	7	0
输血	7	0
输液	7	0
树荫	7	0
数一数二	7	0
舒展	7	0
寺	7	0
四方	7	0
伺机	7	0
私家车	7	0
司空见惯	7	0
私立	7	0
饲料	7	0
司令	7	0
思前想后	7	0
似是而非	7	0
思索	7	0
四通八达	7	0
肆无忌惮	7	0
饲养	7	0
私营	7	0
私有	7	0
四肢	7	0
私自	7	0
耸	7	0
送别	7	0
松弛	7	0
耸立	7	0
俗	7	0
算账	7	0
素不相识	7	0
素材	7	0
随处可见	7	0
随时随地	7	0
虽说	7	0
诉苦	7	0
损人利己	7	0
锁定	7	0
缩减	7	0
索赔	7	0
所属	7	0
缩水	7	0
索性	7	0
缩影	7	0
诉求	7	0
诉说	7	0
苏醒	7	0
诉诸	7	0
胎	7	0
泰斗	7	0
太极	7	0
态势	7	0
坛	7	0
痰	7	0
炭	7	0
探	7	0
摊	7	0
瘫	7	0
贪吃	7	0
淌	7	0
倘若	7	0
谈及	7	0
探究	7	0
叹气	7	0
探亲	7	0
探求	7	0
坦然	7	0
坦言	7	0
淘	7	0
掏腰包	7	0
滔滔不绝	7	0
陶冶	7	0
特此	7	0
特例	7	0
藤蔓	7	0
特邀	7	0
填补	7	0
填充	7	0
添加剂	7	0
田间	7	0
天经地义	7	0
天伦之乐	7	0
天平	7	0
天桥	7	0
挑拨	7	0
调剂	7	0
调侃	7	0
调控	7	0
条款	7	0
条例	7	0
调料	7	0
跳伞	7	0
提拔	7	0
体裁	7	0
剔除	7	0
提纲	7	0
挺拔	7	0
停泊	7	0
停放	7	0
停业	7	0
停滞	7	0
亭子	7	0
体魄	7	0
体态	7	0
提心吊胆	7	0
筒	7	0
通报	7	0
同比	7	0
通车	7	0
统筹	7	0
通告	7	0
同伙	7	0
同盟	7	0
同仁	7	0
通俗	7	0
痛心	7	0
同舟共济	7	0
投奔	7	0
投放	7	0
头号	7	0
投机	7	0
偷窥	7	0
透气	7	0
投射	7	0
头条	7	0
头头是道	7	0
头衔	7	0
透支	7	0
团伙	7	0
团员	7	0
吐槽	7	0
推辞	7	0
颓废	7	0
退化	7	0
退回	7	0
推理	7	0
推论	7	0
退却	7	0
退让	7	0
推算	7	0
退缩	7	0
退役	7	0
突击	7	0
臀	7	0
吞吞吐吐	7	0
妥	7	0
托付	7	0
拓宽	7	0
拖累	7	0
唾弃	7	0
拖欠	7	0
唾液	7	0
椭圆	7	0
拓展	7	0
图形	7	0
外汇	7	0
歪曲	7	0
外援	7	0
外在	7	0
外资	7	0
瓦解	7	0
丸	7	0
挽	7	0
完备	7	0
旺	7	0
网点	7	0
网民	7	0
旺盛	7	0
汪洋	7	0
挽回	7	0
挽救	7	0
惋惜	7	0
丸子	7	0
微	7	0
威风	7	0
围观	7	0
微观	7	0
危及	7	0
味精	7	0
蔚蓝	7	0
未免	7	0
尾气	7	0
维权	7	0
威慑	7	0
微生物	7	0
卫视	7	0
慰问	7	0
微型	7	0
委员	7	0
违约	7	0
伪造	7	0
违章	7	0
未知数	7	0
温带	7	0
吻合	7	0
紊乱	7	0
问世	7	0
稳妥	7	0
文雅	7	0
稳重	7	0
卧	7	0
无边无际	7	0
误差	7	0
无敌	7	0
无动于衷	7	0
无非	7	0
务工	7	0
五官	7	0
五花八门	7	0
五湖四海	7	0
无价之宝	7	0
无精打采	7	0
无可奈何	7	0
无力	7	0
物力	7	0
无穷	7	0
误区	7	0
物色	7	0
无所作为	7	0
武侠	7	0
无形	7	0
呜咽	7	0
物证	7	0
席	7	0
稀	7	0
溪	7	0
下半场	7	0
下达	7	0
峡谷	7	0
下级	7	0
掀	7	0
现成	7	0
巷	7	0
享	7	0
相伴	7	0
相辅相成	7	0
祥和	7	0
橡胶	7	0
相貌	7	0
乡亲	7	0
响应	7	0
香油	7	0
相约	7	0
显赫	7	0
仙鹤	7	0
闲话	7	0
鲜活	7	0
衔接	7	0
先例	7	0
显露	7	0
仙女	7	0
现任	7	0
显示器	7	0
鲜为人知	7	0
显性	7	0
消	7	0
销	7	0
效仿	7	0
孝敬	7	0
小康	7	0
效力	7	0
小品	7	0
效益	7	0
嚣张	7	0
辖区	7	0
下手	7	0
下属	7	0
下行	7	0
狭义	7	0
下意识	7	0
下坠	7	0
喜出望外	7	0
泄	7	0
泻	7	0
卸	7	0
挟持	7	0
谢绝	7	0
泄密	7	0
卸任	7	0
携手	7	0
卸载	7	0
写照	7	0
稀罕	7	0
喜酒	7	0
犀利	7	0
吸纳	7	0
心安理得	7	0
心病	7	0
心肠	7	0
新陈代谢	7	0
新春	7	0
信贷	7	0
心得	7	0
腥	7	0
心甘情愿	7	0
刑法	7	0
星级	7	0
幸亏	7	0
兴隆	7	0
幸免	7	0
兴盛	7	0
刑事	7	0
兴旺	7	0
醒悟	7	0
形形色色	7	0
心慌	7	0
心急如焚	7	0
芯片	7	0
辛勤	7	0
辛酸	7	0
喜怒哀乐	7	0
欣慰	7	0
心想事成	7	0
欣欣向荣	7	0
凶残	7	0
雄厚	7	0
胸怀	7	0
胸膛	7	0
雄性	7	0
胸有成竹	7	0
锈	7	0
秀美	7	0
休眠	7	0
休想	7	0
休养	7	0
袖珍	7	0
喜闻乐见	7	0
嬉笑	7	0
熙熙攘攘	7	0
喜洋洋	7	0
锡纸	7	0
序	7	0
续	7	0
许	7	0
玄	7	0
悬	7	0
宣读	7	0
宣告	7	0
喧哗	7	0
玄机	7	0
选民	7	0
喧闹	7	0
悬念	7	0
悬殊	7	0
旋涡	7	0
宣泄	7	0
宣言	7	0
选用	7	0
絮叨	7	0
雪上加霜	7	0
学士	7	0
穴位	7	0
血缘	7	0
续航	7	0
序列	7	0
畜牧	7	0
序幕	7	0
旬	7	0
寻	7	0
训	7	0
驯	7	0
巡回	7	0
巡逻	7	0
迅猛	7	0
寻觅	7	0
逊色	7	0
巡视	7	0
熏陶	7	0
虚荣	7	0
序言	7	0
须知	7	0
芽	7	0
揠苗助长	7	0
延	7	0
咽	7	0
验	7	0
沿岸	7	0
言辞	7	0
掩耳盗铃	7	0
扬	7	0
秧歌	7	0
阳历	7	0
样品	7	0
养生	7	0
杨树	7	0
阳性	7	0
洋溢	7	0
养殖	7	0
眼红	7	0
咽喉	7	0
演化	7	0
延缓	7	0
眼界	7	0
严谨	7	0
艳丽	7	0
演练	7	0
严密	7	0
演示	7	0
验收	7	0
沿途	7	0
阎王	7	0
沿线	7	0
沿用	7	0
窑	7	0
药材	7	0
妖怪	7	0
要害	7	0
遥控	7	0
丫头	7	0
压榨	7	0
压轴	7	0
业绩	7	0
液晶	7	0
夜宵	7	0
议	7	0
译	7	0
溢	7	0
仪表	7	0
疑点	7	0
依法	7	0
依附	7	0
一概	7	0
一概而论	7	0
一鼓作气	7	0
一晃	7	0
一经	7	0
一技之长	7	0
宜居	7	0
一举两得	7	0
异口同声	7	0
易拉罐	7	0
一揽子	7	0
屹立	7	0
疑虑	7	0
一毛不拔	7	0
因地制宜	7	0
应酬	7	0
荧光	7	0
迎合	7	0
硬朗	7	0
营利	7	0
迎面	7	0
隐含	7	0
隐患	7	0
引荐	7	0
引经据典	7	0
引领	7	0
阴谋	7	0
殷勤	7	0
引人入胜	7	0
隐性	7	0
印证	7	0
一齐	7	0
毅然	7	0
怡然自得	7	0
一如既往	7	0
一声不吭	7	0
一丝不苟	7	0
遗体	7	0
依托	7	0
亿万	7	0
遗物	7	0
医务	7	0
意向	7	0
异想天开	7	0
一心	7	0
抑扬顿挫	7	0
一言一行	7	0
一应俱全	7	0
抑郁症	7	0
拥护	7	0
庸俗	7	0
勇往直前	7	0
踊跃	7	0
邮编	7	0
游船	7	0
有的放矢	7	0
诱发	7	0
优胜劣汰	7	0
有声有色	7	0
有条不紊	7	0
尤为	7	0
优越	7	0
邮政	7	0
余	7	0
怨	7	0
冤	7	0
远近闻名	7	0
元老	7	0
怨气	7	0
园区	7	0
院士	7	0
元首	7	0
原型	7	0
渊源	7	0
源源不断	7	0
源远流长	7	0
原汁原味	7	0
原装	7	0
约定俗成	7	0
越发	7	0
岳父	7	0
阅览	7	0
乐谱	7	0
愈加	7	0
愚昧	7	0
蕴藏	7	0
运筹帷幄	7	0
淤泥	7	0
陨石	7	0
运算	7	0
韵味	7	0
逾期	7	0
预赛	7	0
预售	7	0
遇险	7	0
寓言	7	0
愈演愈烈	7	0
予以	7	0
再接再厉	7	0
载体	7	0
再现	7	0
栽赃	7	0
杂乱无章	7	0
赞不绝口	7	0
葬	7	0
暂且	7	0
赞叹	7	0
赞许	7	0
凿	7	0
枣	7	0
造价	7	0
糟粕	7	0
遭殃	7	0
增产	7	0
增收	7	0
增速	7	0
增值	7	0
扎根	7	0
债券	7	0
盏	7	0
占卜	7	0
胀	7	0
章程	7	0
张灯结彩	7	0
涨幅	7	0
张贴	7	0
沾光	7	0
展望	7	0
瞻仰	7	0
战友	7	0
辗转	7	0
招标	7	0
召集	7	0
招揽	7	0
照例	7	0
朝气蓬勃	7	0
朝三暮四	7	0
招商	7	0
肇事	7	0
兆头	7	0
朝夕相处	7	0
炸药	7	0
遮盖	7	0
折合	7	0
哲理	7	0
震	7	0
枕	7	0
侦查	7	0
振动	7	0
振奋	7	0
针锋相对	7	0
征	7	0
正版	7	0
争端	7	0
争分夺秒	7	0
争光	7	0
征集	7	0
症结	7	0
正气	7	0
争气	7	0
证券	7	0
征收	7	0
争先恐后	7	0
正月	7	0
整治	7	0
郑重	7	0
镇静	7	0
真空	7	0
真情	7	0
阵营	7	0
珍重	7	0
振作	7	0
折射	7	0
折腾	7	0
置	7	0
治安	7	0
指标	7	0
止步	7	0
制裁	7	0
职称	7	0
执法	7	0
直观	7	0
滞后	7	0
支架	7	0
致敬	7	0
滞留	7	0
稚嫩	7	0
职能	7	0
志气	7	0
智商	7	0
纸上谈兵	7	0
肢体	7	0
质问	7	0
窒息	7	0
直辖市	7	0
制约	7	0
执照	7	0
执着	7	0
仲裁	7	0
重创	7	0
终端	7	0
终极	7	0
重量级	7	0
重任	7	0
忠心	7	0
重型	7	0
中性	7	0
中叶	7	0
重用	7	0
中庸	7	0
忠贞	7	0
众志成城	7	0
重中之重	7	0
骤然	7	0
周岁	7	0
周旋	7	0
周折	7	0
周转	7	0
筑	7	0
转播	7	0
专程	7	0
装扮	7	0
壮大	7	0
壮烈	7	0
专柜	7	0
状元	7	0
庄重	7	0
专人	7	0
专项	7	0
转眼	7	0
转悠	7	0
转载	7	0
专著	7	0
主编	7	0
贮藏	7	0
嘱咐	7	0
竹竿	7	0
朱红	7	0
住户	7	0
追悼	7	0
追溯	7	0
追尾	7	0
追问	7	0
追逐	7	0
助力	7	0
主力	7	0
着力	7	0
拙劣	7	0
着落	7	0
酌情	7	0
灼热	7	0
着实	7	0
茁壮	7	0
主人公	7	0
主体	7	0
嘱托	7	0
助威	7	0
注销	7	0
逐一	7	0
铸造	7	0
驻扎	7	0
籽	7	0
子弟	7	0
自费	7	0
自负	7	0
自理	7	0
自如	7	0
资深	7	0
自始至终	7	0
自首	7	0
子孙	7	0
字眼	7	0
资质	7	0
自治区	7	0
自主	7	0
宗	7	0
总额	7	0
纵观	7	0
纵横	7	0
纵深	7	0
宗旨	7	0
走弯路	7	0
走漏	7	0
走势	7	0
钻研	7	0
足不出户	7	0
祖传	7	0
足迹	7	0
祖籍	7	0
组建	7	0
阻力	7	0
租赁	7	0
作对	7	0
作废	7	0
作风	7	0
作料	7	0
座谈	7	0
作息	7	0
座右铭	7	0
做证	7	0
做主	7	0
足智多谋	7	0
祖宗	7	0
